use_follower_count,space,is_cup,wh_cup_null,wh_cup_plastic,wh_cup_glass,wh_cup_etc,is_food,loc_food_null,loc_food_table,loc_food_hand,loc_food_etc,is_other_food,is_people,black, gray, silver, white, maroon, red, green, lime,imgbrightness,imgcontrast,imgsharpness, imgrate,like_count
9084,1,1,0,1,0,0,0,0,0,1,0,0,0,1,1,1,0,1,0,1,0,126.2008713,0.9,51,1.923076923,205
8804,1,0,1,0,0,0,0,1,0,0,0,0,0,1,1,1,1,1,0,0,0,171.2325697,1,105,0.8,199
8748,1,1,0,1,0,0,0,0,1,0,0,0,0,1,1,1,1,1,1,0,0,110.7819406,1,162,1,183
8126,0,0,1,0,0,0,0,1,0,0,0,1,0,1,1,1,1,1,0,0,0,134.8136348,1,36,1,53
7652,1,0,1,0,0,0,0,1,0,0,0,0,1,1,1,1,1,1,0,0,0,156.0383772,1,131,1,151
7132,1,1,0,0,0,0,1,0,1,0,0,1,0,1,1,1,1,1,0,0,0,149.4736399,1,46,1,345
6949,1,1,0,1,0,0,0,0,0,0,1,1,0,1,1,1,1,1,0,0,0,112.4864784,1,49,1,450
6839,1,0,1,0,0,0,0,1,0,0,0,0,0,1,1,1,0,1,0,0,0,88.90930966,1,84,1.333333333,290
6780,1,0,1,0,0,0,0,1,0,0,0,1,0,1,1,1,1,0,0,0,0,196.8094632,1,54,1.333333333,117
6607,1,1,0,0,1,0,0,0,1,0,0,0,0,1,1,1,1,0,0,0,0,170.0158646,1,74,1,19
6545,1,0,1,0,0,0,1,0,0,0,1,0,0,1,1,1,1,1,0,0,0,112.9641546,1,74,1,19
6518,1,0,1,0,0,0,1,0,1,0,0,0,0,1,1,1,0,1,0,0,0,114.5925609,1,25,1.162790698,295
6491,1,1,0,1,0,0,0,0,1,0,0,0,0,1,1,1,1,1,1,1,0,148.1618588,1,210,1,483
6037,1,0,1,0,0,0,0,1,0,0,0,0,1,1,1,1,1,1,0,1,0,138.8759007,1,102,1,273
5443,0,0,1,0,0,0,0,1,0,0,0,0,1,0,1,1,0,1,0,1,0,148.0129548,1,40,1,131
5255,1,1,0,0,1,0,0,0,1,0,0,0,0,1,1,1,1,1,0,0,0,171.0436846,1,199,1,196
4923,1,1,0,0,1,0,0,0,1,0,0,0,0,1,1,1,1,1,0,1,0,121.9193276,1,42,1,122
4874,1,0,1,0,0,0,1,0,1,0,0,1,0,1,1,1,1,1,0,0,0,120.292111,1,49,1,157
4774,1,1,0,0,1,0,1,0,1,0,0,0,1,0,1,1,1,1,1,0,0,200.6519037,0.9,54,1,99
4671,1,0,1,0,0,0,1,0,1,0,0,0,0,1,1,1,1,0,0,0,0,158.3991824,1,136,1,126
4611,1,1,0,0,0,1,0,0,1,0,0,0,0,1,1,1,1,1,0,0,0,115.9429098,1,60,1,493
4588,1,1,0,0,1,0,0,0,1,0,0,1,0,1,1,1,1,1,0,1,0,95.77211915,1,121,1,47
4446,1,0,1,0,0,0,0,1,0,0,0,0,0,1,1,1,1,1,1,1,0,103.3441477,1,82,1,82
4409,1,0,1,0,0,0,1,0,1,0,0,0,0,1,1,1,1,1,0,0,0,136.4352275,1,116,1.333333333,212
4265,1,1,0,0,1,0,0,0,1,0,0,0,0,1,1,1,1,1,0,0,0,133.0361084,1,96,1,170
4132,0,0,1,0,0,0,0,1,0,0,0,1,0,1,1,1,0,0,1,0,0,145.3242493,1,33,1,99
4083,1,0,1,0,0,0,1,0,1,0,0,0,0,1,1,1,1,0,0,1,0,153.6406486,1,94,1,93
3800,1,0,1,0,0,0,0,1,0,0,0,1,0,1,1,1,0,0,0,0,0,99.11318551,1,3,1,151
3786,1,1,0,0,1,0,0,0,1,0,0,0,0,1,1,1,1,1,0,0,0,124.8130362,1,71,1,58
3681,1,0,1,0,0,0,0,1,0,0,0,0,1,1,1,1,0,1,0,1,0,103.8864174,1,49,1,273
3668,1,1,0,0,1,0,1,0,1,0,0,0,0,1,1,1,0,1,0,0,0,159.1461591,1,32,1,131
3656,1,1,0,0,1,1,1,0,1,0,0,0,0,1,1,1,1,1,0,0,0,119.4593617,1,55,1,341
3646,1,1,0,0,0,0,1,0,1,0,0,0,0,1,1,1,1,1,0,1,0,103.5378538,1,51,1,46
3541,0,0,1,0,0,0,0,1,0,0,0,0,0,1,1,1,0,1,0,0,0,143.7256548,1,89,1.333333333,243
3497,1,0,1,0,0,0,1,0,1,0,0,1,0,1,1,1,1,1,0,0,0,155.9561995,0.9,52,1.149425287,124
3457,1,0,1,0,0,0,1,0,1,0,0,0,0,1,1,1,1,0,0,1,0,192.0029712,1,35,1,272
3333,1,0,1,0,0,0,1,0,1,0,0,0,0,1,1,1,1,1,0,0,0,185.9314713,1,126,1.333333333,246
3219,1,0,1,0,0,0,0,1,0,0,0,0,1,1,1,1,1,1,0,0,0,169.47041,1,45,1,197
3216,1,0,1,0,0,0,0,1,0,0,0,0,1,1,1,1,1,1,0,0,0,112.0577658,1,127,1,143
3051,1,0,1,0,0,0,0,1,0,0,0,1,1,1,1,1,0,1,0,0,0,110.5096324,1,22,0.99,357
2921,1,0,1,0,0,0,0,1,0,0,0,0,0,1,1,1,1,1,0,0,0,120.3643987,1,60,1,109
2902,1,0,1,0,0,0,1,0,0,0,1,0,0,1,1,1,0,1,0,0,0,116.8707432,1,33,1,162
2739,1,1,0,0,1,0,0,0,1,0,0,0,1,1,1,1,1,1,0,0,0,28.54476312,1,17,1,204
2723,1,0,1,0,0,0,0,1,0,0,0,0,1,1,1,1,1,1,0,0,0,158.7683765,1,132,0.8,66
2703,1,1,0,0,1,0,0,0,1,0,0,0,1,1,1,1,1,1,0,0,0,144.4814043,1,68,0.8,63
2666,1,0,1,0,0,0,0,1,0,0,0,1,0,1,1,1,0,1,0,0,0,115.7830336,1,20,1.515151515,198
2648,1,1,0,0,1,0,0,0,1,0,0,0,0,1,1,1,1,1,1,0,0,200.1140513,1,110,1,108
2559,1,0,1,0,0,0,0,1,0,0,0,0,0,1,1,1,1,1,0,0,0,139.9542053,1,57,1.19047619,67
2551,1,1,0,0,1,0,1,0,1,0,0,1,0,1,1,1,1,1,1,0,0,145.2563605,1,87,1,30
2514,1,0,1,0,0,0,0,1,0,0,0,0,0,1,1,1,1,1,0,0,0,151.5231587,1,37,1,94
2504,1,0,1,0,0,0,0,1,0,0,0,1,0,0,1,1,1,0,0,0,0,222.6656279,0.4,5,1,265
2426,1,1,0,0,1,0,0,0,1,0,0,0,0,1,1,1,1,1,0,0,0,127.5644825,1,41,1,173
2365,1,0,1,0,0,0,0,1,0,0,0,0,1,1,1,1,0,1,0,0,0,151.0336016,1,25,0.94,37
2350,1,1,0,0,1,0,1,0,1,0,0,0,0,1,1,1,1,1,0,0,0,168.1925609,1,54,1,194
2210,1,1,0,0,0,0,0,0,1,0,0,0,1,1,1,1,1,0,0,0,0,177.0190337,1,26,1,174
2183,0,0,1,0,0,0,0,1,0,0,0,0,1,1,1,1,1,1,0,0,0,152.8105699,1,38,1,52
2174,0,0,1,0,0,0,0,1,0,0,0,0,0,1,1,1,0,1,0,1,0,156.5698627,1,22,1,118
2158,1,1,0,0,0,1,0,0,1,0,0,0,0,1,1,1,1,1,0,0,0,103.7052988,1,71,1,33
2125,1,0,1,0,0,0,0,1,0,0,0,0,0,1,1,1,1,1,0,1,0,82.30753162,1,31,1,45
2097,1,0,1,0,0,0,0,1,0,0,0,0,1,1,1,1,1,1,1,0,0,183.6480284,1,77,1,116
2029,1,0,1,0,0,0,0,1,0,0,0,0,0,1,1,1,1,1,0,0,0,173.7370482,1,42,1.01010101,81
1957,1,1,0,0,1,0,1,0,1,0,0,0,0,1,1,1,0,1,0,0,0,115.2486574,1,121,1,307
1921,1,0,1,0,0,0,0,1,0,0,0,0,0,1,1,1,1,1,0,0,0,124.7420323,1,79,1,68
1919,1,0,1,0,0,0,1,0,0,0,1,0,0,1,1,1,0,0,0,1,1,124.3287825,1,78,1,52
1914,1,0,1,0,0,0,0,1,0,0,0,0,1,1,1,1,1,0,0,0,0,161.1718011,1,47,1,60
1907,1,0,1,0,0,0,0,1,0,0,0,0,0,1,1,1,1,1,0,0,0,164.6535443,1,37,1,124
1898,1,0,1,0,0,0,1,0,1,0,0,0,0,1,1,1,1,0,0,1,0,125.4070106,1,63,1,63
1859,1,1,0,0,1,0,0,0,1,0,0,0,0,1,1,1,1,1,0,0,0,204.556143,1,64,1,39
1837,1,1,0,0,0,1,0,0,0,0,1,0,0,1,1,1,1,1,0,1,0,141.2779059,1,81,1,49
1837,1,0,1,0,0,0,0,0,1,0,0,1,0,1,1,1,1,1,0,0,0,135.9898095,1,116,1.265822785,27
1805,1,1,0,1,0,0,0,0,1,0,0,0,0,1,1,1,1,1,0,0,0,101.1100885,1,19,1,279
1804,1,1,0,0,1,0,1,0,1,0,0,1,0,1,1,1,1,1,0,0,0,114.1063144,1,42,1,262
1792,1,0,1,0,0,0,0,1,0,0,0,1,0,1,1,1,1,1,0,0,0,118.5310031,1,123,1,125
1778,0,0,1,0,0,0,0,1,0,0,0,0,0,1,1,1,1,0,0,0,0,159.7155377,0.9,30,1,107
1767,1,1,0,0,1,0,1,0,1,0,0,1,0,1,1,1,1,1,0,0,0,159.785733,1,110,1,115
1756,1,1,0,0,1,0,1,0,1,0,0,0,0,1,1,1,1,1,0,0,0,94.37116058,1,68,1.333333333,301
1755,1,0,1,0,0,0,0,1,0,0,0,0,1,1,1,1,1,1,0,0,0,119.5510805,1,71,0.8,45
1752,1,1,0,0,1,0,0,0,1,0,0,0,0,0,1,1,1,1,0,0,0,159.1340433,1,53,1.351351351,323
1751,1,0,1,0,0,0,0,1,0,0,0,1,0,1,1,1,1,0,0,1,0,202.7079235,0.9,26,1,269
1711,1,0,1,0,0,0,1,0,1,0,0,0,0,1,1,1,1,1,0,0,0,185.2270423,1,69,1,338
1706,0,0,1,0,0,0,0,1,0,0,0,0,0,1,1,1,1,1,0,0,0,117.4828592,1,24,1,354
1676,1,1,0,1,0,0,0,0,1,0,0,0,1,1,1,1,1,1,0,0,0,118.9539756,1,109,1,133
1645,1,0,1,0,0,0,0,1,0,0,0,1,0,1,1,1,0,1,0,0,0,137.3474998,1,80,0.8,76
1620,1,0,1,0,0,0,0,1,0,0,0,1,1,1,1,1,0,1,0,0,0,159.4895247,1,28,1,294
1620,1,1,0,0,1,0,1,0,1,0,0,1,0,1,1,1,1,1,0,0,0,130.668779,1,25,1.25,55
1589,1,0,1,0,0,0,1,0,0,0,1,0,0,1,1,1,1,0,0,0,0,180.1663431,1,89,1,53
1562,1,1,0,1,0,0,0,0,1,0,0,0,0,0,1,1,0,1,0,0,0,176.5546889,1,189,1,82
1551,1,1,0,1,0,0,0,0,1,0,0,0,0,1,1,1,1,1,0,0,0,196.6653881,1,86,1,269
1519,1,1,0,1,0,0,0,0,1,0,0,1,0,1,1,0,0,0,0,0,0,82.0228534,1,13,1,29
1513,0,0,1,0,0,0,0,1,0,0,0,0,0,1,1,1,1,1,0,1,0,117.5033293,1,46,1,76
1499,1,0,1,0,0,0,0,1,0,0,0,0,0,1,1,1,1,1,0,0,0,161.9653965,1,57,1,93
1493,1,0,1,0,0,0,0,1,0,0,0,0,1,1,1,1,1,1,1,0,0,145.44841,1,62,1,173
1486,1,1,0,0,1,0,1,0,1,0,0,1,0,1,1,1,1,1,1,1,0,143.563085,1,193,1,67
1484,1,1,0,0,1,0,0,0,1,0,0,0,1,1,1,1,0,1,0,0,0,158.748597,1,57,1,103
1475,1,0,1,0,0,0,0,1,0,0,0,1,0,1,1,1,1,0,0,0,0,113.6507112,1,55,1,66
1444,1,0,1,0,0,0,0,1,0,0,0,1,0,1,1,1,1,0,0,0,0,140.347486,1,55,1,57
1438,1,1,0,0,1,0,1,0,1,0,0,0,0,1,1,1,1,1,0,0,0,161.1883406,1,58,1,103
1434,1,1,0,1,0,0,0,0,1,0,0,0,1,1,1,1,1,1,0,0,0,121.335642,1,106,0.8,166
1426,1,0,1,0,0,0,0,1,0,0,0,0,0,1,1,1,0,1,0,0,0,55.85743589,1,24,1,35
1406,0,0,1,0,0,0,0,1,0,0,0,0,0,1,1,1,1,1,0,1,0,82.99696007,1,29,1,13
1405,1,1,0,0,0,0,1,0,1,0,0,0,1,1,1,1,1,0,0,0,0,74.62865729,1,98,1,91
1403,0,0,1,0,0,0,0,1,0,0,0,0,1,1,1,1,1,1,0,0,0,143.629895,1,51,0.8,76
1395,1,0,1,0,0,0,1,0,1,0,0,0,0,1,1,1,1,1,0,0,0,139.5352249,1,36,1.785714286,88
1391,1,0,1,0,0,0,0,1,0,0,0,1,0,0,1,1,1,1,0,0,0,216.2776212,1,8,1,41
1387,1,0,1,0,0,0,1,0,1,0,0,0,0,1,1,1,0,1,1,1,0,124.508542,1,46,1,381
1380,1,0,1,0,0,0,1,0,1,0,0,0,0,1,1,1,1,0,0,1,0,166.5022656,1,103,1,42
1380,1,0,1,0,0,0,0,1,0,0,0,0,1,1,1,1,0,1,0,1,0,127.388202,0.8,66,1,34
1376,1,1,0,0,1,0,1,0,1,0,0,0,0,1,1,1,1,1,0,1,0,102.0671982,1,38,1,58
1363,1,0,1,0,0,0,0,1,0,0,0,1,0,1,1,1,1,1,0,0,0,158.0920322,1,123,1,41
1363,1,1,0,0,1,0,0,0,1,0,0,0,0,1,1,1,1,0,0,0,0,207.1412298,1,71,1,32
1356,1,0,1,0,0,0,1,0,1,0,0,0,0,1,1,1,1,0,0,0,0,109.7522094,1,120,1,160
1338,1,1,0,0,0,1,0,0,1,0,0,1,0,1,1,1,1,1,0,0,0,167.134899,1,163,1.408450704,54
1333,1,0,1,0,0,0,0,1,0,0,0,0,0,0,1,1,0,1,0,0,0,180.2382128,1,81,1,64
1324,1,0,1,0,0,0,0,1,0,0,0,1,0,1,1,1,0,1,0,0,0,143.8152092,1,8,1,32
1303,0,0,1,0,0,0,0,1,0,0,0,0,0,1,1,1,1,0,0,1,0,118.0575794,1,27,1,75
1301,1,0,1,0,0,0,1,0,1,0,0,1,0,1,1,1,1,1,1,0,0,146.1893492,1,57,0.8,59
1279,1,0,1,0,0,0,0,1,0,0,0,0,0,1,1,1,0,1,0,0,0,99.5759516,1,157,1,225
1279,1,1,0,0,1,0,0,1,0,0,0,0,0,0,1,1,1,0,0,0,0,196.564546,0.6,8,1,183
1272,1,0,1,0,0,0,0,1,0,0,0,1,1,1,1,1,1,1,0,0,0,211.1811584,1,36,1,85
1258,1,0,1,0,0,0,0,1,0,0,0,0,1,1,1,1,1,1,0,1,0,142.2241571,1,164,0.8,56
1251,1,1,0,0,0,1,0,0,0,1,0,0,0,1,1,1,1,0,0,0,0,165.9559591,0.9,5,1,52
1250,1,0,1,0,0,0,1,0,0,1,0,0,0,1,1,1,1,1,1,0,0,81.54328266,1,87,1,190
1250,1,0,1,0,0,0,0,1,0,0,0,1,0,1,1,1,1,0,0,0,0,105.9633397,1,85,1.01010101,105
1245,1,0,1,0,0,0,0,0,1,0,0,1,0,1,1,1,0,1,0,0,0,82.83067307,1,32,1.351351351,83
1238,1,0,1,0,0,0,0,1,0,0,0,1,0,1,1,1,0,1,0,0,0,153.0816891,1,28,1,78
1234,0,0,1,0,0,0,0,1,0,0,0,0,0,1,1,1,1,1,0,0,0,43.19886511,1,68,1,49
1225,1,0,1,0,0,0,0,1,0,0,0,0,0,1,1,1,1,1,0,0,0,125.772922,1,36,1,67
1221,1,1,0,0,1,0,0,0,1,0,0,0,0,1,1,1,1,1,0,0,0,93.01271863,1,71,1,187
1214,1,1,0,1,0,0,0,0,0,1,0,0,1,1,1,1,1,1,0,0,0,206.2899969,1,17,1,80
1212,1,0,1,0,0,0,0,1,0,0,0,1,0,1,1,1,0,1,0,0,0,132.7528592,1,9,1,94
1197,0,0,1,0,0,0,0,1,0,0,0,0,1,0,1,1,0,1,0,0,0,155.4231605,1,36,1,156
1194,1,0,1,0,0,0,1,0,0,1,0,0,0,1,1,1,1,1,0,0,0,151.5793871,1,118,1,71
1180,1,1,0,1,0,0,1,0,1,0,0,0,0,1,1,1,1,1,0,0,0,157.7650741,1,105,1,75
1177,1,0,1,0,0,0,1,0,1,0,0,0,0,1,1,1,1,1,0,0,0,130.8355085,1,73,0.8,315
1173,1,0,1,0,0,0,1,0,1,0,0,0,0,1,1,1,0,1,0,0,0,187.8106774,1,40,1,162
1155,1,0,1,0,0,0,0,1,0,0,0,0,1,1,1,1,0,1,1,0,0,102.2852569,1,37,1,99
1155,1,1,0,0,0,0,0,0,1,0,0,1,0,1,1,1,1,1,0,0,0,145.118915,1,202,1,82
1141,1,0,1,0,0,0,0,1,0,0,0,0,1,1,1,1,1,0,0,0,0,119.8278747,0.9,49,1.515151515,64
1140,1,0,1,0,0,0,0,1,0,0,0,0,0,1,1,1,0,1,0,0,0,152.8726917,1,61,1,79
1137,1,0,1,0,0,0,0,1,0,0,0,0,0,1,1,1,1,0,1,0,0,189.981854,1,30,1,50
1137,1,1,0,0,0,1,0,0,0,1,0,0,0,1,1,1,1,0,0,0,0,177.7026373,1,67,1,37
1132,1,0,1,0,0,0,1,0,1,0,0,0,0,1,1,1,1,1,0,0,0,149.7217198,1,47,1,29
1127,1,1,0,0,0,0,1,0,1,0,0,0,0,1,1,1,1,0,0,1,0,190.8891143,1,40,1,82
1122,0,0,1,0,0,0,0,1,0,0,0,0,1,1,1,1,1,1,0,1,0,175.3750669,1,121,1,60
1117,1,1,0,0,1,0,1,0,1,0,0,0,0,1,1,1,1,0,0,0,0,164.0935401,1,116,1.01010101,80
1113,1,0,1,0,0,0,0,1,0,0,0,1,0,1,1,1,1,1,0,0,0,152.0457994,1,50,1.020408163,213
1108,1,1,0,0,1,0,1,0,1,0,0,0,0,1,1,1,1,1,0,0,0,132.4543965,1,60,1,259
1106,1,1,0,1,0,0,0,0,1,0,0,0,0,1,1,1,1,1,0,0,0,119.2834868,1,75,1,258
1100,1,1,0,0,1,0,1,0,1,0,0,0,0,1,1,1,0,1,0,0,0,110.6616998,1,48,1,56
1088,1,1,0,0,1,0,0,0,1,0,0,0,0,1,1,1,1,1,0,1,0,129.937474,1,25,1,167
1086,1,1,0,1,0,0,0,0,0,1,0,0,0,1,1,1,1,1,0,0,0,140.6639068,1,173,1,98
1086,1,1,0,0,0,0,0,0,1,0,0,0,0,1,1,1,1,1,0,1,1,204.6996587,1,21,1,49
1084,1,0,1,0,0,0,1,0,1,0,0,0,0,1,1,1,1,1,0,0,0,159.4779085,1,130,1,41
1078,1,1,0,0,0,0,1,0,1,0,0,0,0,1,1,1,1,1,0,0,0,190.9435277,1,78,1,92
1077,1,0,1,0,0,0,0,1,0,0,0,0,1,1,1,1,0,0,0,0,0,133.4379931,1,102,1,35
1075,1,1,0,0,1,0,1,0,1,0,0,0,0,1,1,1,0,1,0,0,0,148.1843337,1,69,1,17
1065,0,0,1,0,0,0,0,1,0,0,0,0,1,1,1,1,0,1,0,0,0,146.9597201,1,48,1,70
1057,0,0,1,0,0,0,0,1,0,0,0,0,0,1,1,1,1,1,0,0,0,138.7321333,1,84,1,252
1055,1,1,0,0,1,0,0,0,1,0,0,0,0,1,1,1,1,1,0,0,0,170.189778,1,171,1.333333333,197
1047,1,1,0,0,0,1,0,0,1,0,0,0,0,0,1,1,1,0,0,0,0,163.086276,0.9,28,1,36
1046,1,1,0,1,0,0,0,0,0,1,0,0,0,1,1,1,1,1,0,0,0,150.1285127,1,83,1,105
1040,1,0,1,0,0,0,1,0,0,1,0,0,0,1,1,1,1,1,1,0,0,132.827253,1,110,1,87
1037,1,0,1,0,0,0,0,1,0,0,0,1,0,1,1,1,1,0,0,0,0,117.0748804,1,47,0.8,174
1036,1,1,0,0,0,0,0,0,1,0,0,1,0,1,1,1,1,1,0,0,0,92.98150608,1,119,1,119
1033,1,0,1,0,0,0,0,1,0,0,0,0,0,1,1,1,0,1,0,0,0,172.7613041,1,38,1,278
1029,1,1,0,0,0,1,1,0,1,0,0,0,0,1,1,1,0,0,0,0,0,140.6317719,1,59,1,61
1029,1,0,1,0,0,0,1,0,1,0,0,1,0,1,1,1,1,1,0,0,0,150.6872244,1,135,1,50
1027,1,0,1,0,0,0,1,0,1,0,0,0,0,1,1,1,1,1,0,0,0,123.5817845,1,132,1,23
1025,1,1,0,0,0,0,0,0,1,0,0,1,0,1,1,1,0,1,0,0,0,136.5114592,1,95,1,123
1014,1,0,1,0,0,0,0,1,0,0,0,0,0,1,1,1,1,1,1,0,0,141.4570032,1,57,1,216
1008,1,1,0,0,1,0,0,0,1,0,0,0,0,1,1,1,1,1,0,1,0,104.9318814,1,34,1,352
1006,0,0,1,0,0,0,0,1,0,0,0,0,1,1,1,1,0,1,0,0,0,136.6108324,1,20,1,90
1000,1,1,0,0,1,0,1,0,1,0,0,0,0,1,1,1,1,1,0,0,0,101.0743074,1,36,1.333333333,83
997,1,1,0,0,0,0,1,0,1,0,0,1,0,1,1,1,1,1,0,0,0,160.7078978,1,49,0.97,133
994,1,0,1,0,0,0,0,1,0,0,0,1,0,1,1,1,1,1,0,0,0,144.866089,1,93,1,38
988,1,0,1,0,0,0,0,1,0,0,0,1,0,0,1,1,1,1,0,0,0,159.8778906,1,65,1,112
981,1,1,0,0,1,0,0,0,1,0,0,1,0,1,1,1,1,1,0,0,0,110.670015,1,149,1,58
965,1,0,1,0,0,0,0,1,0,0,0,0,1,1,1,1,1,1,0,0,0,110.5844151,1,147,1,61
964,1,0,1,0,0,0,1,0,0,0,1,0,0,1,1,1,0,1,0,0,0,150.3729135,1,16,1,348
957,1,0,1,0,0,0,1,0,1,0,0,0,0,1,1,1,1,1,0,0,0,164.4094005,1,77,0.8,73
957,1,1,0,0,0,0,0,0,1,0,0,0,0,1,1,1,1,1,0,0,0,153.8102405,1,63,1,27
953,1,1,0,0,0,1,0,0,1,0,0,1,0,1,1,1,0,0,0,0,0,74.0922279,1,31,1,49
949,1,0,1,0,0,0,0,1,0,0,0,1,0,1,1,1,1,1,0,0,0,156.6710233,1,34,1,45
948,1,0,1,0,0,0,0,1,0,0,0,0,1,1,1,1,1,1,0,0,0,133.6256128,1,253,0.8,244
948,1,1,0,0,0,0,1,0,1,0,0,0,0,1,1,1,0,1,0,0,0,84.55986308,1,38,1,201
945,1,1,0,0,0,1,0,0,1,0,0,0,0,0,1,1,0,1,0,0,0,189.1688611,1,33,1.333333333,173
942,1,0,1,0,0,0,0,1,0,0,0,0,1,1,1,1,1,1,0,1,0,115.2183981,1,101,1.298701299,191
939,1,1,0,1,0,0,0,0,1,0,0,0,0,0,1,1,0,1,0,0,0,155.7526986,0.9,28,1,282
935,1,0,1,0,0,0,0,1,0,0,0,0,0,1,1,1,1,1,0,0,0,137.9991556,1,38,1,139
927,1,0,1,0,0,0,1,0,1,0,0,0,0,1,1,1,1,0,0,0,0,206.7866416,1,47,1,30
918,1,1,0,1,0,0,0,0,0,1,0,0,0,1,1,1,1,0,0,0,0,113.6761412,1,82,1,56
905,1,0,1,0,0,0,0,1,0,0,0,0,0,1,1,1,1,0,0,0,0,173.3987683,1,21,1,51
891,1,0,1,0,0,0,1,0,1,0,0,1,0,1,1,1,1,0,0,0,0,175.7207451,1,29,0.8,91
879,1,1,0,1,0,0,1,0,1,0,0,0,0,1,1,1,1,1,1,0,0,168.4251113,1,112,1,131
877,1,1,0,0,1,0,1,0,1,0,0,0,0,1,1,1,0,0,0,0,0,121.5465354,1,22,1,19
874,0,0,1,0,0,0,0,1,0,0,0,0,0,1,1,1,1,1,1,1,0,146.9806681,1,302,1,40
872,1,1,0,1,0,0,0,1,0,0,0,0,0,1,1,1,1,1,0,0,0,126.3556353,1,192,1,104
869,1,0,1,0,0,0,0,1,0,0,0,0,0,1,1,1,1,1,0,0,0,124.6011601,1,120,1,80
866,1,0,1,0,0,0,0,1,0,0,0,1,0,1,1,1,1,1,1,0,0,202.7943858,1,63,0.79,186
847,1,0,1,0,0,0,0,1,0,0,0,0,0,1,1,1,0,1,0,0,0,114.5138659,1,15,0.79,124
844,1,0,1,0,0,0,0,1,0,0,0,1,0,1,1,1,1,1,0,0,0,163.7961231,1,55,1,94
838,1,1,0,0,1,0,1,0,1,0,0,0,0,1,1,1,1,1,0,0,0,55.50085724,1,74,1,83
835,1,0,1,0,0,0,0,1,0,0,0,1,0,1,1,1,0,0,0,0,0,125.5086274,1,301,1,19
834,1,1,0,1,0,0,1,0,1,0,0,1,0,1,1,1,1,1,0,0,0,93.59332002,1,19,1,83
834,1,1,0,0,0,0,1,0,1,0,0,0,0,1,1,1,1,1,0,1,0,174.1013426,1,285,1,79
833,1,1,0,1,0,0,0,0,1,0,0,0,0,0,1,1,0,1,0,0,0,150.9114756,0.8,28,1,51
831,1,1,0,0,0,0,1,0,1,0,0,0,1,1,1,1,1,1,0,0,0,145.8374307,1,80,1.785714286,22
826,1,0,1,0,0,0,0,1,0,0,0,0,0,1,1,1,1,1,0,0,0,184.5087818,1,51,1,20
823,1,1,0,0,0,0,0,0,1,0,0,0,0,1,1,1,1,1,0,0,0,87.05298562,1,213,1,50
821,1,1,0,1,0,0,0,0,1,0,0,0,0,1,1,1,1,1,1,0,0,110.8080779,0.9,47,0.8,36
801,1,1,0,0,1,0,1,0,1,0,0,0,0,1,1,1,0,1,1,0,0,102.2959491,1,28,1,136
800,1,1,0,0,1,0,1,0,1,0,0,0,0,1,1,1,1,1,1,0,0,185.2590263,1,68,1,37
797,1,0,1,0,0,0,0,1,0,0,0,0,1,1,1,1,1,1,0,1,0,157.9372697,1,53,1,125
793,1,1,0,0,1,0,1,0,1,0,0,0,0,1,1,1,1,1,0,0,0,111.3486182,1,50,1,74
788,1,0,1,0,0,0,0,1,0,0,0,1,0,1,1,1,1,1,0,0,0,137.8206275,1,46,1,31
785,1,0,1,0,0,0,1,0,0,1,0,0,0,1,1,1,1,1,0,1,0,118.6780296,1,139,1,152
779,1,1,0,0,0,0,1,0,1,0,0,0,0,0,1,1,1,1,0,0,0,159.5930278,1,40,1,115
777,1,1,0,0,1,0,1,0,1,0,0,0,0,1,1,1,0,1,0,0,0,130.6165865,1,19,1,136
776,1,1,0,1,0,0,0,0,0,1,0,0,0,0,1,1,0,0,0,0,0,171.3353095,0.9,21,1,80
775,1,0,1,0,0,0,1,0,0,0,1,0,0,1,1,1,1,1,0,0,0,177.9463138,1,33,0.8,56
775,1,1,0,0,0,0,0,0,1,0,0,0,0,1,1,1,1,1,0,0,0,126.9911139,1,69,1.01010101,50
771,1,1,0,0,0,1,0,0,1,0,0,0,0,1,1,1,1,0,0,0,0,130.6032438,1,28,0.8,120
771,1,0,1,0,0,0,0,1,0,0,0,1,0,1,1,1,1,1,0,0,0,149.4567795,1,34,1,49
769,0,0,1,0,0,0,0,1,0,0,0,0,0,1,1,1,1,1,0,0,0,188.2651708,1,80,1,32
759,0,1,0,0,0,1,0,0,0,0,1,1,0,1,1,1,0,1,0,0,0,99.40059808,1,107,1,175
757,1,1,0,0,0,1,0,0,0,1,0,0,0,1,1,1,1,1,0,0,0,108.2890115,1,56,1,100
755,0,0,1,0,0,0,0,1,0,0,0,1,0,1,1,1,1,1,0,0,0,122.757386,1,30,1,88
754,1,1,0,0,1,0,1,0,1,0,0,0,0,1,1,1,1,1,0,0,0,93.93874729,1,30,1.351351351,229
750,1,0,1,0,0,0,1,0,1,0,0,0,0,1,1,1,0,1,0,0,0,115.0871624,1,12,1,53
749,0,0,1,0,0,0,0,1,0,0,0,0,0,1,1,1,1,0,0,1,1,189.2859772,1,256,1.351351351,45
742,0,0,1,0,0,0,0,1,0,0,0,0,0,1,1,1,1,1,0,0,0,169.0633762,1,30,1.01010101,54
739,1,0,1,0,0,0,0,1,0,0,0,0,0,1,1,1,1,1,0,0,0,140.4758312,1,71,1.333333333,38
732,1,1,0,0,0,0,1,0,1,0,0,1,0,1,1,1,1,1,0,0,0,132.1418883,1,92,1,65
731,1,1,0,0,1,1,1,0,1,0,0,0,0,1,1,1,1,1,0,0,0,104.8096682,1,94,0.8,50
729,1,1,0,0,1,0,1,0,1,0,0,0,0,1,1,1,1,0,0,0,0,155.8467028,1,92,1,125
727,1,0,1,0,0,0,0,1,0,0,0,1,0,1,1,1,1,1,0,0,0,156.8719956,1,57,1,30
726,1,1,0,0,1,0,0,0,1,0,0,0,0,1,1,1,1,1,0,0,0,78.30979743,1,37,1,30
724,1,0,1,0,0,0,0,1,0,0,0,0,0,1,1,1,1,1,0,0,0,136.1377048,1,66,1,95
724,1,1,0,0,0,0,0,0,1,0,0,0,0,1,1,1,1,0,0,0,0,157.5679819,1,34,1,77
724,1,0,1,0,0,0,0,1,0,0,0,1,0,1,1,1,1,0,0,0,0,200.4373764,0.8,12,0.8,62
719,1,1,0,1,0,1,0,0,1,0,0,0,0,1,1,1,0,1,0,0,0,119.4509895,1,85,1,30
712,1,0,1,0,0,0,0,1,0,0,0,1,0,1,1,1,1,1,0,0,0,99.37369584,1,50,1,65
705,1,1,0,1,0,0,0,0,1,0,0,0,0,1,1,1,1,1,0,0,0,165.1492579,1,38,1.315789474,67
705,1,1,0,0,1,0,1,0,1,0,0,0,0,1,1,1,1,1,0,0,0,144.3195916,1,129,1,59
702,1,1,0,0,1,0,1,0,1,0,0,0,0,0,1,1,0,1,0,0,0,151.5289646,1,93,1,107
701,1,1,0,0,1,0,0,0,1,0,0,0,0,1,1,1,1,1,0,0,0,175.5560007,0.9,61,1,40
700,1,0,1,0,0,0,1,0,1,0,0,0,0,1,1,1,0,1,0,0,0,125.7353786,1,51,0.99,24
699,1,1,0,0,1,0,1,0,1,0,0,0,1,1,1,1,1,1,1,0,0,147.8275446,1,160,1,79
692,1,0,1,0,0,0,0,1,0,0,0,0,0,1,1,1,1,1,0,0,0,145.9424088,1,131,0.83,57
687,1,0,1,0,0,0,1,0,1,0,0,0,0,1,1,1,1,0,0,0,0,135.3930776,1,169,1,84
687,1,0,1,0,0,0,0,1,0,0,0,1,0,1,1,1,1,0,0,0,0,167.593511,1,203,0.87,79
686,1,0,1,0,0,0,0,1,0,0,0,0,0,1,1,1,0,1,0,0,0,164.8328674,1,115,1,74
686,1,0,1,0,0,0,1,0,1,0,0,0,0,1,1,1,0,1,1,0,0,196.3052504,1,85,0.99,71
678,1,1,0,0,0,1,0,0,1,0,0,1,1,1,1,1,1,1,0,0,0,153.7777481,1,87,1.01010101,112
675,1,0,1,0,0,0,1,0,0,0,1,0,0,1,1,1,1,1,0,0,0,98.9122146,1,36,1,80
675,1,1,0,0,1,0,1,0,1,0,0,0,0,1,1,1,1,1,1,0,0,121.5072694,1,54,0.8,52
674,1,1,0,1,0,0,0,0,1,0,0,0,0,1,1,1,1,1,0,0,0,130.9633965,1,149,1,263
672,1,0,1,0,0,0,0,1,0,0,0,1,0,1,1,1,1,1,0,1,0,158.9281766,1,47,1,31
663,1,0,1,0,0,0,1,0,1,0,0,0,0,1,1,1,0,1,0,0,0,163.1022172,1,23,1,291
662,1,0,1,0,0,0,0,1,0,0,0,1,0,1,1,1,1,1,0,0,0,186.0316472,1,70,1.351351351,23
657,1,0,1,0,0,0,1,0,0,0,1,1,0,1,1,1,0,0,0,0,0,149.6820044,1,46,1,53
656,1,1,0,0,1,0,0,0,1,0,0,1,0,1,1,1,1,1,1,0,0,139.5622849,1,179,1,69
656,1,0,1,0,0,0,0,1,0,0,0,0,0,1,1,1,1,1,1,1,0,72.23760868,1,42,1,26
654,1,1,0,1,0,0,0,0,0,1,0,0,0,1,1,1,1,1,0,0,0,126.6771144,1,195,1,101
651,1,1,0,0,1,0,1,0,1,0,0,0,0,1,1,1,0,1,0,0,0,105.5248876,1,37,1,31
648,1,1,0,0,1,1,1,0,1,0,0,0,0,1,1,1,1,1,0,0,0,172.9327981,1,35,1,79
648,1,1,0,0,1,0,1,0,1,0,0,0,0,1,1,1,1,1,0,0,0,150.8819038,1,198,1,55
645,1,0,1,0,0,0,0,1,0,0,0,0,0,1,1,1,1,1,0,0,0,120.2583616,1,99,1.333333333,64
644,0,0,1,0,0,0,0,1,0,0,0,1,0,1,1,1,1,1,0,0,0,113.866967,1,58,0.8,57
643,1,1,0,0,0,0,0,0,0,1,0,1,1,1,1,1,1,1,0,0,0,127.1895169,1,42,0.8,147
643,1,1,0,1,0,0,0,0,1,0,0,0,0,1,1,1,1,0,0,1,0,188.4753001,1,124,1,95
642,1,0,1,0,0,0,1,0,1,0,0,0,0,1,1,1,0,1,0,0,0,156.1656618,1,47,0.8,74
637,0,0,1,0,0,0,0,1,0,0,0,0,0,1,1,1,0,1,0,0,0,176.9952417,1,13,1,42
631,1,0,1,0,0,0,0,1,0,0,0,1,1,1,1,1,1,1,0,0,0,117.5984881,1,145,1,43
630,1,1,0,0,0,0,0,0,1,0,0,1,0,1,1,1,1,1,0,0,0,116.766603,1,59,1,48
629,1,1,0,0,1,0,1,0,1,0,0,1,0,1,1,1,1,1,0,0,0,162.1403729,1,85,1.351351351,198
629,1,1,1,0,0,0,1,0,1,0,0,1,1,1,1,1,0,0,0,1,0,150.5024071,1,152,1,53
624,1,1,0,0,1,0,1,0,1,0,0,1,0,1,1,1,1,1,0,0,0,162.9622162,1,133,1.333333333,120
621,1,1,0,0,0,0,0,0,1,0,0,0,0,1,1,1,0,1,0,0,0,126.4669731,1,107,1,45
620,1,1,0,1,0,1,0,0,1,0,0,0,0,1,1,1,1,1,0,0,0,135.7938143,1,116,1,102
617,1,0,1,0,0,0,0,1,0,0,0,0,1,1,1,1,1,0,0,0,0,174.2497352,0.9,32,1,246
613,1,1,0,1,0,0,0,0,1,0,0,0,0,1,1,1,1,1,0,0,0,171.8068429,1,87,1.136363636,124
608,1,0,1,0,0,0,0,1,0,0,0,1,1,1,1,1,1,1,0,0,0,139.0696212,1,92,1.785714286,38
608,1,1,0,1,1,0,0,0,1,0,0,0,0,1,1,1,1,1,0,0,0,148.7831698,1,122,1,28
606,1,1,0,0,0,1,0,0,0,1,0,1,0,1,1,1,1,1,1,0,0,141.1664245,1,52,1,49
605,1,1,0,0,0,1,0,0,0,1,0,1,0,1,1,1,0,1,1,0,0,100.4126698,1,38,1,91
605,1,0,1,0,0,0,0,1,0,0,0,0,0,1,1,1,0,1,0,0,0,155.8118326,1,31,1,74
602,1,1,0,0,1,0,0,0,0,0,1,0,0,1,1,1,0,1,0,0,0,122.6285008,1,14,1,76
602,1,0,1,0,0,0,0,1,0,0,0,1,0,1,1,1,1,1,0,0,0,113.361824,1,124,1,20
599,1,1,0,0,1,0,1,0,1,0,0,1,0,1,1,1,1,1,0,0,0,148.9097973,1,54,1.01010101,59
593,1,0,1,0,0,0,0,1,0,0,0,0,0,1,1,1,0,1,0,1,0,114.179242,1,71,1.333333333,120
593,1,0,1,0,0,0,0,1,0,0,0,1,0,1,1,1,1,1,0,0,0,165.9228204,1,85,1,84
590,1,0,1,0,0,0,0,1,0,0,0,0,0,1,1,1,1,1,0,1,0,91.12358913,1,99,1,83
589,1,1,0,0,1,0,0,0,1,0,0,0,0,1,1,1,1,1,1,0,0,164.8583473,1,41,1,66
586,1,0,1,0,0,0,0,1,0,0,0,1,0,1,1,1,1,1,0,0,0,166.5291449,1,71,1,130
583,1,0,1,0,0,0,0,1,0,0,0,1,0,1,1,1,1,1,0,0,0,130.3740236,1,101,1.333333333,73
581,1,1,0,0,1,0,0,0,1,0,0,0,0,1,1,1,1,1,0,1,0,164.5443411,1,61,1,63
580,1,1,0,0,1,0,1,0,1,0,0,0,0,1,1,1,1,1,0,0,0,168.7340615,1,69,1,40
576,1,1,0,0,1,0,0,0,1,0,0,0,1,1,1,1,1,1,0,0,0,179.5112697,1,36,1,23
570,1,1,0,0,0,1,1,0,1,0,0,0,0,1,1,1,1,0,0,0,0,150.2944851,1,82,0.96,71
568,1,1,0,1,0,0,1,0,0,0,1,1,0,1,1,1,1,1,0,0,0,134.7550601,1,257,1.333333333,91
566,1,0,1,0,0,0,0,1,0,0,0,1,0,1,1,1,0,1,0,0,0,111.31457,1,36,1,129
565,1,1,0,0,0,1,0,0,1,0,0,0,0,1,1,1,1,1,1,0,0,115.4299638,1,125,1,41
564,1,1,0,0,0,0,1,0,1,0,0,0,0,1,1,1,1,0,0,0,0,144.8342603,1,114,0.8,105
561,1,1,0,0,0,1,1,0,1,0,0,0,0,1,1,1,1,1,0,0,0,73.63993699,1,116,1,53
558,1,1,0,0,1,0,1,0,1,0,0,0,0,1,1,1,1,0,0,0,0,157.3173123,1,144,1,57
556,1,0,1,0,0,0,1,0,1,0,0,0,1,1,1,1,1,1,0,0,0,91.64452912,1,28,1,85
556,1,0,1,0,0,0,0,1,0,0,0,1,0,1,1,1,1,1,0,0,0,125.3007507,1,94,0.8,16
548,1,1,0,0,1,0,1,0,1,0,0,0,0,1,1,1,1,1,0,0,0,143.3631445,1,122,1.333333333,59
547,0,0,1,0,0,0,0,1,0,0,0,0,1,1,1,1,1,1,0,0,0,80.1641334,1,32,1,92
547,0,0,1,0,0,0,0,1,0,0,0,0,1,1,1,1,1,0,0,1,0,164.1645245,1,76,1.351351351,30
546,1,0,1,0,0,0,0,1,0,0,0,1,0,1,1,1,1,1,0,0,0,199.6963115,1,142,1,58
546,1,0,1,0,0,0,0,1,0,0,0,0,1,0,1,1,1,0,0,0,0,214.8690809,0.7,6,1,37
545,1,0,1,0,0,0,1,1,0,0,0,1,0,1,1,1,1,1,0,0,0,172.7462533,1,66,0.8,251
545,1,0,1,0,0,0,0,1,0,0,0,0,0,1,1,1,1,1,1,0,0,125.3157581,1,171,0.8,60
538,1,0,1,0,0,0,1,0,1,0,0,0,0,1,1,1,1,1,0,0,0,160.6974109,1,56,1.333333333,41
537,1,1,0,0,0,0,1,0,1,0,0,0,0,1,1,1,1,1,0,0,0,149.1884378,0.9,33,1,105
535,1,1,0,0,0,0,0,0,1,0,0,0,0,1,1,1,1,1,0,0,0,103.4311992,1,58,1,23
534,1,1,0,0,1,0,1,0,1,0,0,0,0,1,1,1,1,1,1,0,0,84.33596265,1,75,1,155
534,1,0,1,0,0,0,0,1,0,0,0,0,0,1,1,1,1,1,0,0,0,198.9835131,1,93,1,29
527,1,1,0,0,1,0,1,0,1,0,0,1,0,1,1,1,1,0,0,0,0,144.2149502,1,32,1,97
521,1,0,1,0,0,0,1,0,1,0,0,0,0,1,1,1,1,1,0,0,0,192.8278811,1,92,1,56
521,1,0,1,0,0,0,1,0,1,0,0,0,0,0,1,1,1,1,0,0,0,198.4204944,1,30,1,41
520,1,1,0,1,0,0,0,0,1,0,0,0,0,1,1,1,1,1,0,0,0,124.0422761,1,73,1,85
519,1,0,1,0,0,0,1,0,1,0,0,0,0,1,1,1,1,1,0,0,0,145.480458,1,21,1,104
519,1,1,0,0,1,0,1,0,1,0,0,0,0,1,1,1,1,1,0,0,0,153.7091429,1,130,1,30
518,1,0,1,0,0,0,0,1,0,0,0,0,1,1,1,1,1,1,0,0,0,112.1256307,1,99,1,122
518,1,1,0,0,1,0,0,0,1,0,0,0,0,1,1,1,1,1,0,0,0,150.1327712,1,74,1,94
517,1,0,1,0,0,0,0,1,0,0,0,0,1,1,1,1,1,1,0,0,0,117.7937742,1,49,1,117
515,0,0,1,0,0,0,0,1,0,0,0,1,0,1,1,1,0,1,0,0,0,91.56831482,1,41,1,78
515,1,0,1,0,0,0,1,0,1,0,0,0,0,1,1,1,1,1,0,0,0,163.284035,1,71,0.8,39
512,1,0,1,0,0,0,0,1,0,0,0,0,1,1,1,1,1,1,0,1,0,149.7352908,1,56,1,26
511,1,0,1,0,0,0,0,1,0,0,0,0,0,1,1,1,0,1,0,0,0,95.78219998,1,49,1.515151515,75
510,0,0,1,0,0,0,0,1,0,0,0,0,0,1,1,1,1,1,0,0,1,170.0681454,1,154,1,49
509,1,1,0,0,0,1,0,0,1,0,0,0,0,1,1,1,1,1,0,0,0,139.7440514,1,116,1.333333333,46
506,1,1,0,1,0,0,0,0,1,0,0,1,0,1,1,1,0,1,0,0,0,116.4130952,1,63,1,152
506,1,1,0,0,1,0,0,0,0,1,0,0,0,1,1,1,1,1,0,0,0,188.4025793,1,63,1,47
505,1,0,1,0,0,0,1,0,1,0,0,0,0,1,1,1,1,1,0,0,0,86.14262394,1,41,1.136363636,95
505,1,1,0,0,0,1,0,0,1,0,0,1,0,1,1,1,1,1,0,1,0,95.60059706,1,41,1,34
504,1,0,1,0,0,0,1,0,1,0,0,0,0,1,1,1,1,0,0,0,0,140.1805126,1,105,1,39
503,1,1,0,0,1,0,1,0,1,0,0,0,0,1,1,1,1,1,0,0,0,113.1477059,1,86,1,89
500,1,0,1,0,0,0,0,1,0,0,0,0,0,1,1,1,1,1,0,0,0,114.6698739,1,66,0.89,31
498,1,1,0,0,0,0,0,0,1,0,0,0,0,1,1,1,1,1,1,0,0,125.7936632,1,55,1,101
498,0,1,0,1,0,0,0,0,0,1,0,0,0,1,1,1,1,1,0,0,0,208.3718815,1,43,1.01010101,62
497,1,1,0,0,1,0,0,0,1,0,0,0,0,1,1,1,0,1,0,0,0,129.3509608,1,158,1,73
497,1,1,0,0,1,0,1,0,1,0,0,0,0,1,1,1,1,1,0,0,0,124.2914244,1,25,0.85,31
496,0,0,1,0,0,0,0,1,0,0,0,1,0,1,1,1,1,1,0,0,0,127.9287499,1,66,1,84
496,1,1,0,0,1,0,1,0,1,0,0,1,0,1,1,1,1,1,0,0,0,192.848108,1,61,1,70
496,1,0,1,0,0,0,1,0,1,0,0,0,0,1,1,1,1,1,0,1,0,134.4256509,1,66,1,52
495,1,1,0,0,0,0,1,0,1,0,0,0,0,1,1,1,1,0,0,1,1,172.3948558,1,75,1.01010101,98
495,1,0,1,0,0,0,0,1,0,0,0,0,1,1,1,1,0,1,0,1,0,68.89831569,1,48,0.8,59
493,1,0,1,0,0,0,1,0,1,0,0,0,0,1,1,1,1,1,0,1,0,137.3286633,1,187,1.333333333,63
493,1,1,0,0,1,0,1,0,1,0,0,0,0,1,1,1,0,1,0,0,0,148.3990547,0.8,36,1,47
485,1,0,1,0,0,0,0,1,0,0,0,0,0,1,1,1,1,1,0,0,0,97.60673317,0.8,18,1,46
483,1,0,1,0,0,0,0,1,0,0,0,1,1,1,1,1,1,1,1,0,0,159.6873777,1,36,1,78
482,1,0,1,0,0,0,0,1,0,0,0,0,0,1,1,1,1,0,0,1,0,128.6303198,1,53,0.8,54
481,1,0,1,0,0,0,0,1,0,0,0,0,1,1,1,1,1,1,0,1,0,188.7026072,1,45,1.785714286,90
481,1,0,1,0,0,0,0,1,0,0,0,0,1,1,1,1,1,1,0,0,0,146.337089,0.9,77,1.333333333,57
481,1,1,0,1,0,0,0,0,1,0,0,1,0,1,1,1,1,1,0,0,0,182.1068315,1,106,1.515151515,20
480,1,1,0,0,0,0,0,0,1,0,0,0,0,1,1,1,0,1,0,0,0,128.9597634,1,75,0.8,109
480,1,1,0,0,1,0,0,0,0,1,0,0,0,1,1,1,1,1,0,0,0,167.7261604,1,94,1,80
480,1,1,0,0,1,0,0,0,1,0,0,0,0,1,1,1,0,1,0,0,0,153.2894792,1,69,1.351351351,69
479,1,0,1,0,0,0,0,1,0,0,0,0,0,1,1,1,1,1,0,0,0,132.9545755,1,317,0.8,24
477,1,1,0,0,0,0,1,0,1,0,0,0,0,1,1,1,1,1,0,0,0,118.7699803,1,51,1,50
476,1,0,1,0,0,0,0,1,0,0,0,0,0,1,1,1,1,1,0,0,0,119.825796,1,96,1.333333333,101
476,1,1,0,0,1,0,0,0,1,0,0,0,0,1,1,1,1,0,0,0,0,79.8279019,1,30,0.79,74
474,1,1,0,0,1,0,1,0,1,0,0,1,0,1,1,1,1,1,0,0,0,114.4453981,1,56,1,60
473,1,0,1,0,0,0,1,0,0,0,1,0,0,1,1,1,0,1,0,0,0,107.817867,1,169,1,93
473,1,0,1,0,0,0,0,1,0,0,0,1,0,1,1,1,1,1,0,0,0,147.741302,1,64,0.8,34
472,1,1,0,0,0,1,0,0,0,0,1,1,0,1,1,1,0,0,0,1,0,145.1669459,1,62,1,52
470,1,1,0,0,0,0,0,0,0,1,0,0,1,1,1,1,1,1,0,1,0,75.43162403,1,76,1,107
468,1,0,1,0,0,0,0,1,0,0,0,1,1,1,1,1,1,1,0,0,0,194.4002556,1,37,1,59
468,1,1,0,0,1,0,0,0,1,0,0,0,0,1,1,1,0,1,0,0,0,139.0777075,1,33,1,32
466,1,1,0,0,0,1,0,0,1,0,0,0,1,1,1,0,1,1,0,0,0,22.43074735,1,11,1,93
463,1,1,0,0,1,0,1,0,1,0,0,0,0,1,1,1,1,1,0,1,0,105.7852464,1,228,1,123
461,1,1,0,0,0,0,0,0,0,1,0,0,0,1,1,1,1,1,0,0,0,107.6100863,1,47,1,25
458,1,0,1,0,0,0,0,1,0,0,0,0,1,1,1,1,1,1,0,0,0,107.034487,1,51,1,61
458,0,0,1,0,0,0,0,1,0,0,0,1,0,1,1,1,0,1,0,0,0,125.3799479,1,105,1.351351351,39
457,1,1,0,0,0,1,0,0,0,0,1,0,0,1,1,1,1,1,0,0,0,205.4968064,1,82,1,27
456,1,1,0,0,1,0,0,0,1,0,0,1,1,1,1,1,1,0,0,0,0,107.4909669,1,91,1,37
456,1,1,0,0,0,0,0,0,1,0,0,0,0,1,1,1,1,0,0,0,0,94.79984435,1,40,1,33
455,1,1,0,0,0,1,0,0,1,0,0,1,0,1,1,1,1,0,0,0,0,114.3126729,1,163,1,71
455,1,0,1,0,0,0,0,1,0,0,0,0,1,1,1,1,1,1,0,0,0,137.5980674,1,92,1.333333333,55
455,1,1,0,0,0,0,1,0,1,0,0,0,0,1,1,1,1,1,0,0,0,165.9295414,1,43,1,40
453,0,0,1,0,0,0,0,1,0,0,0,0,1,1,1,1,0,1,0,1,0,139.8673817,1,51,1,56
451,1,1,0,0,0,0,0,0,1,0,0,0,0,1,1,1,1,1,0,0,0,153.7406911,1,107,0.8,85
450,1,1,0,0,1,0,1,0,1,0,0,0,0,1,1,1,0,1,0,0,0,147.7723557,1,84,1,158
450,1,0,1,0,0,0,0,1,0,0,0,0,1,1,1,1,1,1,0,0,0,125.8621132,1,161,1,89
450,1,0,1,0,0,0,0,1,0,0,0,0,0,1,1,1,0,1,0,0,0,140.7268725,0.9,29,1,37
449,1,0,1,0,0,0,0,1,0,0,0,0,0,1,1,1,0,1,0,0,0,85.09857297,1,16,1.515151515,21
448,1,0,1,0,0,0,0,1,0,0,0,0,1,1,1,1,1,1,0,0,0,192.0581478,1,79,1.351351351,67
447,1,0,1,0,0,0,0,0,1,0,0,1,0,1,1,1,1,1,0,1,0,113.087696,1,49,1,78
445,1,0,1,0,0,0,0,1,0,0,0,0,0,1,1,1,1,0,0,0,0,172.2884735,1,191,1,60
444,1,1,0,0,1,0,1,0,1,0,0,0,0,1,1,1,1,1,0,0,0,185.9454113,1,101,1,27
441,1,0,1,0,0,0,0,1,0,0,0,0,0,1,1,1,1,1,0,1,0,176.6601506,1,83,1.333333333,26
440,1,0,1,0,0,0,0,1,0,0,0,0,0,1,1,1,1,1,0,0,0,83.21438566,1,41,1,27
440,0,0,1,0,0,0,0,1,0,0,0,1,0,1,1,1,1,1,0,1,0,140.7400934,1,110,1,20
439,1,0,1,0,0,0,1,0,1,0,0,1,0,1,1,1,1,1,0,0,0,224.9747215,1,40,1,72
439,1,1,0,0,1,0,0,0,1,0,0,0,0,1,1,1,1,1,0,0,0,100.1431447,1,93,0.8,44
439,1,1,0,1,0,0,0,0,1,0,0,0,0,0,1,1,1,0,0,1,1,192.1414594,1,81,1.01010101,43
439,1,0,1,0,0,0,0,1,0,0,0,1,0,1,1,1,1,1,0,0,0,91.28474266,1,72,1.01010101,36
438,1,1,0,1,0,1,1,0,1,0,0,0,0,1,1,1,1,1,0,0,0,119.7026262,1,71,1,42
436,1,1,0,1,0,0,0,0,0,1,0,0,0,1,1,1,1,1,0,0,0,138.7921608,1,116,1,298
435,1,1,0,0,1,0,1,0,1,0,0,0,0,1,1,1,0,1,0,0,0,113.4200061,1,35,1,38
434,1,0,1,0,0,0,1,0,1,0,0,0,0,1,1,1,1,1,0,0,0,169.3117291,1,133,1,43
433,1,0,1,0,0,0,0,1,0,0,0,1,0,1,1,1,1,1,0,0,0,123.5156455,1,97,1,103
433,1,0,1,0,0,0,1,0,0,0,1,0,0,1,1,1,1,1,0,0,0,97.27098131,1,63,1,50
431,1,1,0,0,1,0,0,0,1,0,0,0,0,1,1,1,1,1,0,0,0,213.8762468,1,56,0.8,43
430,1,0,1,0,0,0,1,0,1,0,0,0,0,1,1,1,1,1,0,0,0,146.5614324,0.9,24,0.8,84
430,1,0,1,0,0,0,1,0,1,0,0,0,0,1,1,1,1,1,0,0,0,132.392489,1,102,1,54
426,1,1,0,0,0,0,0,0,1,0,0,0,0,1,1,1,0,1,0,0,0,156.0645183,1,83,1,109
426,1,0,1,0,0,0,1,0,1,0,0,0,0,1,1,1,1,1,0,0,0,152.9095638,1,84,1,33
425,1,1,0,1,0,0,0,0,1,0,0,0,0,1,1,1,1,1,0,0,0,152.438394,1,113,1.515151515,56
424,0,0,1,0,0,0,0,1,0,0,0,0,0,1,1,1,1,1,0,0,0,143.0873909,1,125,1.333333333,148
424,1,1,0,0,0,0,0,0,1,0,0,0,0,1,1,1,1,1,0,0,0,172.774657,1,28,1,69
423,1,1,0,0,0,0,1,0,1,0,0,0,0,1,1,1,0,0,0,0,0,15.03498472,1,8,1,45
419,1,1,0,0,1,0,0,0,1,0,0,1,0,1,1,1,1,1,0,0,0,136.4170658,1,68,1,57
418,1,1,0,0,1,0,0,0,1,0,0,0,0,1,1,1,1,1,0,0,0,136.7110803,1,85,1,79
418,0,0,1,0,0,0,0,1,0,0,0,0,0,0,1,1,1,1,0,0,0,180.9158018,0.8,17,1,21
416,1,0,1,0,0,0,0,1,0,0,0,0,1,1,1,1,1,1,0,0,0,117.5039517,1,294,1,22
415,1,1,0,0,1,0,1,0,1,0,0,0,0,1,1,1,1,1,0,0,0,139.3520919,1,76,1.204819277,60
415,1,0,1,0,0,0,0,1,0,0,0,1,0,1,1,1,1,1,0,0,0,155.0915945,1,111,1.01010101,17
412,1,1,0,0,1,0,0,0,1,0,0,1,0,1,1,1,0,1,0,0,0,100.3448146,1,18,1,25
411,1,0,1,0,0,0,1,0,1,0,0,0,0,1,1,1,1,1,0,1,0,111.0320065,1,87,1.234567901,71
411,1,1,0,0,0,0,1,0,1,0,0,0,0,1,1,1,1,1,1,0,0,87.7788516,1,77,1,54
409,0,0,1,0,0,0,0,1,0,0,0,0,1,1,1,1,1,1,0,1,0,155.4169667,1,126,0.8,133
409,0,0,1,0,0,0,0,1,0,0,0,0,0,1,1,1,0,0,0,0,0,117.1497519,1,74,1,41
408,1,1,0,0,1,0,1,0,1,0,0,0,0,1,1,1,0,1,0,0,0,107.5440811,1,35,1,108
408,1,0,1,0,0,0,0,1,0,0,0,1,1,1,1,1,1,1,0,0,0,146.1503586,1,77,1,48
408,1,1,0,0,1,0,1,0,1,0,0,1,0,1,1,1,0,1,0,0,0,105.6020987,1,67,1,43
406,1,1,0,0,0,1,0,0,0,1,0,1,0,1,1,1,1,1,0,0,0,162.5282889,1,31,1.351351351,125
405,1,1,0,0,1,0,1,0,1,0,0,0,0,1,1,1,0,1,1,0,0,149.5883217,1,25,1.333333333,16
403,1,0,1,0,0,0,1,0,0,0,1,0,0,0,1,1,1,1,0,0,0,183.7881368,1,37,1,63
402,1,1,0,0,0,0,0,0,1,0,0,0,0,1,1,1,1,1,0,0,0,121.9265651,1,153,1,51
402,1,1,0,0,1,0,1,0,1,0,0,0,0,1,1,1,0,1,1,0,0,150.7069972,1,88,0.8,40
401,1,0,1,0,0,0,1,0,1,0,0,0,0,1,1,1,1,1,0,0,0,163.4025174,1,64,1.333333333,114
401,1,0,1,0,0,0,0,1,0,0,0,0,0,1,1,1,1,1,1,0,0,128.3513615,1,96,1,51
400,1,1,0,0,1,0,1,0,1,0,0,0,0,0,1,1,0,1,0,0,0,167.4352254,0.9,24,1,81
399,1,1,0,0,1,0,1,0,1,0,0,1,1,1,1,1,1,0,0,0,0,142.4942592,1,184,1,57
399,0,0,1,0,0,0,0,1,0,0,0,0,0,1,1,1,1,1,0,0,0,133.739891,1,61,1,36
397,1,1,0,0,1,0,1,0,1,0,0,0,1,1,1,1,1,1,1,0,0,137.6012346,1,114,1,54
396,1,1,0,0,1,0,1,0,1,0,0,0,0,1,1,1,0,1,0,0,0,118.1979527,1,60,1,119
396,1,1,0,0,1,0,1,0,1,0,0,0,0,1,1,1,1,1,0,0,0,102.1321143,1,152,1.333333333,27
395,1,0,1,0,0,0,0,1,0,0,0,1,1,1,1,1,1,1,0,0,0,94.79484786,1,41,1,39
393,1,1,0,0,1,0,0,0,1,0,0,0,0,1,1,1,1,1,0,0,0,142.6567483,1,65,0.8,55
393,1,1,0,0,0,1,0,0,1,0,0,0,0,1,1,1,1,1,0,0,0,140.2486707,1,104,1,31
393,1,1,0,0,1,0,1,0,1,0,0,0,0,1,1,1,1,1,0,0,0,129.8032714,1,62,1,29
392,1,0,1,0,0,0,0,1,0,0,0,0,0,1,1,1,1,1,0,0,0,111.6772556,1,76,1,42
392,1,0,1,0,0,0,0,1,0,0,0,0,0,1,1,1,0,1,0,0,0,126.690823,1,97,1,33
391,1,0,1,0,0,0,0,1,0,0,0,0,1,1,1,1,1,1,0,0,0,102.2645222,1,94,1,77
391,0,0,1,0,0,0,0,1,0,0,0,1,0,1,1,1,1,1,0,0,0,133.2770203,1,34,1,54
391,1,1,0,1,0,0,0,0,1,0,0,0,0,1,1,1,0,1,0,0,0,110.1841324,1,56,0.8,49
386,0,0,1,0,0,0,0,1,0,0,0,1,0,1,1,1,1,0,0,1,0,131.4778712,1,21,0.9,37
384,1,0,1,0,0,0,1,0,1,0,0,0,0,1,1,1,1,1,0,0,0,154.3073983,1,59,1,81
383,1,1,0,1,0,0,0,0,1,0,0,0,0,1,1,1,1,1,1,0,0,175.8051599,1,69,0.8,15
382,1,0,1,0,0,0,1,0,0,1,0,0,0,1,1,1,1,1,0,0,0,173.0342373,1,80,1,34
380,1,1,0,0,1,0,0,0,1,0,0,0,0,1,1,1,0,1,0,0,0,120.6598053,1,65,1,22
379,1,1,0,0,1,0,1,0,1,0,0,0,0,1,1,1,0,1,0,0,0,124.7086121,1,60,1,107
379,1,1,0,0,0,0,1,0,1,0,0,0,0,1,1,1,0,1,0,0,0,174.292921,1,62,1,57
377,1,1,0,0,1,0,0,0,1,0,0,0,0,1,1,1,1,1,0,0,0,154.8836075,1,107,1,83
377,1,1,0,1,0,0,0,0,1,0,0,1,0,1,1,1,1,1,0,0,0,144.1860622,1,35,1,62
377,0,0,1,0,0,0,0,1,0,0,0,0,0,1,1,1,1,1,0,0,0,140.1542818,1,56,1,51
377,1,0,1,0,0,0,0,0,1,0,0,0,1,1,1,1,1,1,0,1,0,183.2865543,1,94,1,34
375,1,0,1,0,0,0,0,1,0,0,0,0,0,1,1,1,1,1,0,0,0,101.7891094,1,75,1,79
375,1,0,1,0,0,0,0,1,0,0,0,0,1,1,1,1,0,1,0,1,0,172.5435982,1,82,1,48
374,1,0,1,0,0,0,1,0,0,1,0,0,0,1,1,1,1,0,0,0,0,132.1575954,1,37,1,73
373,0,0,1,0,0,0,0,1,0,0,0,0,1,1,1,1,1,1,0,0,0,191.0697686,1,33,1,70
372,1,0,1,0,0,0,0,1,0,0,0,0,0,1,1,1,1,0,0,0,0,183.4949004,1,69,1,78
372,1,0,1,0,0,0,0,1,0,0,0,0,0,1,1,1,0,1,0,0,0,162.0826764,1,106,1.333333333,36
371,1,0,1,0,0,0,0,1,0,0,0,1,0,1,1,1,1,1,0,0,0,129.5408677,1,83,0.9,51
371,0,0,1,0,0,0,0,1,0,0,0,0,0,1,1,1,1,1,0,1,0,131.6721711,1,81,1,42
370,1,0,1,0,0,0,0,1,0,0,0,0,1,1,1,1,0,0,0,0,0,138.2021049,1,55,1.01010101,38
369,1,0,1,0,0,0,0,1,0,0,0,0,0,1,1,0,0,1,0,0,0,78.89516162,1,21,1,87
366,1,0,1,0,0,0,0,1,0,0,0,1,1,1,1,1,1,1,0,0,0,221.2309298,1,19,1,99
366,0,0,1,0,0,0,0,1,0,0,0,0,0,1,1,1,1,0,0,0,0,113.9913795,1,60,1,36
365,1,1,0,0,1,0,0,0,1,0,0,0,0,1,1,1,1,1,0,0,0,190.1766449,1,122,1,79
365,1,0,1,0,0,0,0,1,0,0,0,1,0,1,1,0,0,1,0,0,0,71.38715009,1,12,1,34
364,1,0,1,0,0,0,0,1,0,0,0,0,1,1,1,1,1,1,0,0,0,113.3950115,1,63,1.25,93
364,1,0,1,0,0,0,1,0,0,0,1,0,0,1,1,1,0,0,0,0,0,205.6849169,1,13,1,42
364,1,1,0,0,0,0,0,0,1,0,0,1,0,1,1,1,1,1,0,0,0,123.3396607,1,133,1,29
363,1,0,1,0,0,0,0,1,0,0,0,0,1,1,1,1,0,1,0,0,0,130.5547991,0.9,32,0.91,98
363,1,1,0,0,1,0,0,0,1,0,0,1,0,1,1,1,0,1,0,0,0,95.59245289,1,61,1,60
363,1,0,1,0,0,0,1,0,1,0,0,0,0,1,1,1,1,1,0,0,0,175.8258726,1,164,1.01010101,50
363,0,0,1,0,0,0,0,1,0,0,0,0,0,1,1,1,1,1,0,0,0,131.4350479,1,68,1.515151515,44
363,1,0,1,0,0,0,0,1,0,0,0,0,0,1,1,1,1,1,0,0,0,124.2113105,1,57,1,35
362,0,0,1,0,0,0,0,1,0,0,0,0,0,0,1,1,1,1,0,0,0,120.0645053,0.8,52,1,42
361,1,1,0,0,1,0,1,0,1,0,0,0,0,1,1,1,1,1,0,0,0,146.5122436,1,93,1,48
361,1,1,0,0,1,0,0,0,1,0,0,1,0,1,1,1,1,1,0,0,0,145.5407168,1,71,1,21
360,1,0,1,0,0,0,0,1,0,0,0,0,0,1,1,1,0,1,0,1,0,179.6601302,1,74,1,37
359,1,1,0,0,1,0,1,0,1,0,0,0,0,1,1,1,1,1,0,0,0,154.3866531,1,30,1,142
358,1,1,0,0,0,1,0,0,1,0,0,0,0,1,1,1,1,1,0,0,0,119.5748799,1,27,1,27
355,1,1,0,0,0,0,1,0,1,0,0,0,0,1,1,1,1,1,0,0,0,155.8395227,1,15,0.8,28
354,1,1,0,0,0,1,0,0,1,0,0,0,0,0,1,1,1,1,0,0,0,149.7455153,0.9,60,1.333333333,55
352,1,1,0,0,1,0,0,0,1,0,0,0,0,1,1,1,1,1,0,0,0,113.3777032,1,126,1,19
351,0,0,1,0,0,0,0,1,0,0,0,0,0,1,1,1,1,1,1,0,0,152.7929788,1,114,1,93
351,1,1,0,1,0,1,0,0,1,0,0,0,0,1,1,1,1,1,0,0,0,86.67834771,1,80,0.85,79
351,1,0,1,0,0,0,1,0,1,0,0,0,0,1,1,1,0,1,0,0,0,169.4915669,1,147,1,69
348,1,0,1,0,0,0,0,1,0,0,0,1,0,1,1,1,1,1,0,1,0,126.2770391,1,86,1,47
348,1,0,1,0,0,0,0,1,0,0,0,1,0,1,1,1,1,1,0,0,0,130.2762468,1,56,1,46
347,1,0,1,0,0,0,1,0,1,0,0,0,0,1,1,1,1,1,0,0,0,150.7674691,1,237,1,108
347,1,0,1,0,0,0,0,1,0,0,0,1,0,1,1,1,1,1,0,0,0,121.2647633,1,57,1,21
347,1,1,0,0,1,0,0,0,1,0,0,1,0,1,1,1,1,1,0,0,0,147.6458858,1,339,1.785714286,18
345,1,0,1,0,0,0,0,1,0,0,0,0,1,1,1,1,0,1,0,0,0,82.39508041,1,21,1,58
345,1,1,0,0,1,0,1,0,1,0,0,0,0,1,1,1,1,1,0,0,0,137.5606334,1,72,1,36
344,1,0,1,0,0,0,1,0,0,0,1,0,0,1,1,1,0,1,0,0,0,96.28351246,1,64,1,71
344,1,1,0,0,0,1,0,0,0,1,0,0,1,1,1,1,1,1,0,0,0,125.4211467,1,114,1,69
343,1,0,1,0,0,0,0,1,0,0,0,1,0,1,1,1,1,1,0,0,0,159.0239515,1,17,1,57
343,1,1,0,1,0,1,0,0,0,0,1,0,0,1,1,1,1,0,0,0,0,136.1335652,1,78,1,54
343,1,1,0,1,0,0,0,0,1,0,0,0,1,1,1,1,0,0,0,1,0,155.1389026,1,19,1,24
342,1,1,0,1,0,0,0,0,0,0,1,1,0,1,1,1,1,1,0,0,0,137.2438905,1,68,1,94
342,1,0,1,0,0,0,0,1,0,0,0,0,0,1,1,1,1,1,0,0,0,119.900988,1,79,1,27
341,1,1,0,0,1,0,1,0,1,0,0,1,0,1,1,1,1,0,0,0,0,164.8729618,1,46,1,52
340,1,1,0,0,0,0,0,0,1,0,0,0,1,1,1,1,0,1,0,1,0,142.8289989,1,29,1,45
340,0,0,1,0,0,0,0,1,0,0,0,0,0,1,1,1,0,1,0,0,0,140.0020141,1,15,1,37
339,1,1,0,0,1,0,1,0,1,0,0,0,0,1,1,1,1,0,0,1,0,199.1599695,1,38,1,74
334,1,0,1,0,0,0,1,0,1,0,0,0,0,1,1,1,1,0,0,0,0,161.2365173,1,114,1,28
333,1,0,1,0,0,0,1,0,1,0,0,0,0,1,1,1,0,1,0,1,0,140.8793463,1,70,1,231
332,1,1,0,0,1,0,1,0,1,0,0,1,0,1,1,1,1,1,0,0,0,141.2504801,1,106,1.333333333,51
332,1,1,0,0,1,0,1,0,1,0,0,0,0,1,1,1,1,1,1,0,0,238.5360572,1,44,0.8,42
332,0,0,1,0,0,0,0,1,0,0,0,0,1,1,1,1,1,0,0,0,0,113.4417793,1,110,1,41
331,1,0,1,0,0,0,0,1,0,0,0,1,0,1,1,1,1,1,0,0,0,146.9069262,1,40,1,50
328,1,0,1,0,0,0,1,0,1,0,0,0,0,1,1,1,1,1,1,0,0,139.7723096,1,82,1.123595506,93
328,1,1,0,1,0,0,0,0,1,0,0,0,0,1,1,1,1,1,0,0,0,210.4666339,1,44,1,48
327,1,0,1,0,0,0,0,1,0,0,0,1,0,1,1,1,1,1,1,1,0,148.1555378,1,61,1,51
326,1,0,1,0,0,0,0,0,1,0,0,1,1,1,1,1,1,1,0,1,0,190.1443887,1,61,1,47
322,1,1,0,0,1,0,1,0,1,0,0,0,0,1,1,1,1,1,1,0,0,79.05065441,1,31,1,38
319,1,1,0,0,1,0,1,0,1,0,0,0,1,1,1,1,1,1,0,0,0,151.9726208,1,75,1,97
319,1,0,1,0,0,0,0,1,0,0,0,0,0,1,1,1,1,1,1,0,0,151.1170647,1,28,1,49
318,1,1,0,0,1,0,1,0,1,0,0,0,0,1,1,1,1,1,1,0,0,164.4505845,1,88,1,61
318,1,1,0,0,1,0,1,0,1,0,0,0,0,1,1,1,1,1,0,0,0,132.4638033,1,53,1,52
316,1,1,0,0,0,1,1,0,1,0,0,0,0,1,1,1,1,1,0,0,0,148.1890781,1,84,1,27
314,1,0,1,0,0,0,1,0,1,0,0,0,0,1,1,1,1,0,0,0,0,159.8332836,1,70,1.01010101,71
313,1,0,1,0,0,0,0,1,0,0,0,0,0,1,1,1,1,1,0,0,0,163.543419,1,17,1,23
311,1,0,1,0,0,0,0,0,1,0,0,1,0,1,1,1,1,1,0,1,0,140.6503597,1,37,1,10
310,1,0,1,0,0,0,0,1,0,0,0,1,0,1,1,1,1,1,0,0,0,126.8172221,1,108,0.8,53
310,1,1,0,0,1,0,0,0,0,1,0,0,1,1,1,1,1,1,0,0,0,140.3967007,1,89,0.96,46
308,0,0,1,0,0,0,0,1,0,0,0,0,0,0,1,1,1,1,0,1,0,171.5021734,1,30,0.8,43
306,1,1,0,0,1,0,1,0,1,0,0,0,0,0,1,1,0,1,0,0,0,171.0827289,1,55,1,62
305,0,0,1,0,0,0,0,1,0,0,0,0,0,1,1,1,1,1,0,0,0,109.6523663,1,103,1,54
305,1,0,1,0,0,0,0,1,0,0,0,1,0,1,1,1,1,1,0,0,0,141.839963,1,58,1,50
305,1,0,1,0,0,0,0,1,0,0,0,1,0,1,1,1,1,1,0,1,0,108.7233073,1,97,1.333333333,36
305,1,0,1,0,0,0,0,1,0,0,0,0,1,1,1,1,0,1,0,0,0,88.40397484,1,11,1,21
302,1,1,0,0,1,0,1,0,1,0,0,0,0,0,1,1,0,0,0,1,0,157.5623664,0.8,37,1,49
302,1,1,0,0,0,0,1,0,1,0,0,1,0,1,1,1,1,1,0,0,0,111.4334502,1,27,1,40
301,1,0,1,0,0,0,0,1,0,0,0,0,0,1,1,1,1,1,0,1,0,173.169536,1,100,1,25
298,1,1,0,0,0,0,1,0,1,0,0,0,0,1,1,1,1,1,0,0,0,113.3694851,1,37,1,44
295,1,0,1,0,0,0,0,1,0,0,0,1,0,1,1,1,1,1,0,0,0,155.9305107,1,212,1,40
295,1,1,0,0,1,0,0,0,1,0,0,0,0,1,1,1,1,0,0,1,0,113.1936826,1,68,1,30
294,1,1,0,0,0,0,0,0,1,0,0,0,0,1,1,1,0,1,0,0,0,123.892515,1,255,1.785714286,10
293,1,0,1,0,0,0,0,1,0,0,0,0,0,1,1,1,1,0,0,0,0,171.924356,1,30,1,43
293,1,0,1,0,0,0,0,1,0,0,0,1,0,1,1,1,1,1,0,0,0,98.07829782,1,65,1,40
293,1,1,0,0,0,0,1,0,1,0,0,0,0,0,1,1,1,0,0,0,0,158.4629956,0.9,7,1,40
293,1,0,1,0,0,0,0,1,0,0,0,1,0,0,1,1,1,1,0,0,0,182.6586419,1,17,1,30
290,1,1,0,1,0,0,1,0,1,0,0,1,0,1,1,1,1,1,0,1,0,126.5276849,1,94,1,78
290,1,1,0,0,0,0,1,0,1,0,0,0,0,1,1,1,1,1,0,1,0,188.1464166,1,89,1,38
290,1,0,1,0,0,0,1,0,1,0,0,0,0,1,1,1,1,1,0,1,0,120.9647197,1,94,1,31
289,1,1,0,0,1,0,0,0,1,0,0,0,0,1,1,1,1,1,0,0,0,109.0971878,1,141,1,46
289,1,1,0,0,1,0,0,0,1,0,0,1,0,1,1,1,0,1,0,0,0,167.9721008,1,83,1,23
288,1,0,1,0,0,0,0,1,0,0,0,0,1,1,1,1,1,1,0,0,0,167.1303735,1,59,1,45
287,1,1,0,0,1,0,0,0,1,0,0,0,1,1,1,1,0,1,0,0,0,148.6174377,1,55,0.8,53
287,1,0,1,0,0,0,0,1,0,0,0,0,1,1,1,1,1,1,0,0,0,179.6607947,1,67,1,38
286,1,1,0,0,1,0,0,0,1,0,0,0,0,1,1,1,1,0,0,0,0,138.8983749,1,142,0.8,43
285,1,0,1,0,0,0,0,1,0,0,0,1,0,1,1,1,0,1,0,0,0,149.1170218,0.9,27,1,345
285,1,1,0,0,0,1,1,0,1,0,0,0,0,1,1,1,1,1,0,0,0,194.7771954,0.9,54,1.515151515,166
284,1,0,1,0,0,0,0,1,0,0,0,0,1,1,1,1,1,1,0,0,0,116.8471653,1,153,1,13
283,1,1,0,0,0,1,1,0,1,0,0,0,0,1,1,1,0,1,0,0,0,173.9238199,1,12,1,52
283,0,0,1,0,0,0,0,1,0,0,0,1,0,1,1,1,1,1,0,0,0,134.095324,1,45,1,36
283,1,0,1,0,0,0,0,1,0,0,0,1,0,0,1,1,1,1,1,0,0,176.4143167,0.9,62,1,32
282,0,1,0,0,0,1,0,0,0,0,1,0,0,1,1,1,1,0,0,1,0,109.4478028,1,31,1,46
282,1,0,1,0,0,0,0,1,0,0,0,0,0,1,1,1,1,1,0,0,0,191.4144009,1,55,1,27
281,1,1,0,0,1,0,1,0,1,0,0,0,0,1,1,1,1,1,1,0,0,130.1412071,1,61,1,28
281,1,1,0,0,1,0,1,0,1,0,0,0,1,1,1,1,1,1,0,0,0,134.1618526,1,154,1,24
279,1,1,0,0,1,0,1,0,1,0,0,0,0,1,1,1,1,1,1,0,0,138.8895467,1,172,1.351351351,45
279,1,0,1,0,0,0,0,1,0,0,0,1,0,1,1,1,1,1,0,0,0,149.6108501,1,26,1,18
275,0,1,0,0,0,1,0,0,0,1,0,0,0,1,1,1,1,1,0,0,0,161.1310686,1,92,0.8,47
275,1,0,1,0,0,0,0,1,0,0,0,1,0,1,1,0,0,1,0,0,0,73.87834323,0.8,8,1,44
275,1,1,0,0,1,0,1,0,1,0,0,0,0,1,1,1,1,1,0,0,0,100.3521221,1,44,1,17
274,0,0,1,0,0,0,0,1,0,0,0,1,0,1,1,1,1,1,0,0,0,133.0860664,1,58,1,70
274,1,1,0,0,1,0,1,0,1,0,0,0,0,1,1,1,1,1,0,0,0,150.8624853,1,58,1,45
274,1,1,0,0,1,0,0,0,1,0,0,0,0,1,1,1,1,1,0,1,1,192.8230975,1,32,1,38
274,1,1,0,0,0,1,0,0,0,1,0,0,0,1,1,1,0,0,0,0,0,90.4516306,1,40,0.8,31
274,1,0,1,0,0,0,0,1,0,0,0,1,0,1,1,1,1,1,0,0,0,170.2700356,1,78,1.333333333,16
273,1,1,0,0,0,0,0,0,1,0,0,1,0,1,1,1,1,1,0,0,0,117.4837365,1,111,0.8,47
273,1,0,1,0,0,0,1,0,1,0,0,0,0,1,1,1,1,1,0,0,0,80.06040597,1,17,1,32
272,1,1,0,0,1,0,1,0,1,0,0,0,0,1,1,1,0,1,0,0,0,108.320521,0.9,23,1,58
272,1,1,0,0,1,0,0,0,1,0,0,0,0,1,1,1,1,0,0,0,0,144.4719321,1,22,1,57
271,0,0,1,0,0,0,0,1,0,0,0,1,0,1,1,1,1,0,0,0,0,152.5416882,1,58,1,50
271,1,1,0,1,0,0,0,0,0,1,0,0,0,1,1,1,1,1,0,1,0,142.5663391,1,55,1,46
270,1,0,1,0,0,0,1,0,1,0,0,0,0,1,1,1,0,1,0,0,0,67.35171095,1,24,1,71
270,1,0,1,0,0,0,0,1,0,0,0,1,0,1,1,1,1,1,1,0,0,160.0077321,1,52,1.265822785,68
270,0,0,1,0,0,0,0,1,0,0,0,1,0,1,1,1,1,1,0,0,0,146.7581486,1,35,1.923076923,65
269,1,1,0,0,1,0,1,0,1,0,0,0,0,1,1,1,1,1,0,0,0,152.1242234,1,76,1,56
269,1,1,0,0,1,0,1,0,1,0,0,0,0,1,1,1,1,1,0,0,0,110.2636544,1,52,1,48
269,1,0,1,0,0,0,0,1,0,0,0,0,1,1,1,1,1,1,0,0,0,135.1235891,1,35,1,34
268,1,1,0,0,0,0,0,0,1,0,0,0,0,1,1,1,1,1,0,0,0,103.8887508,1,90,1,31
267,1,1,0,0,0,0,0,0,1,0,0,1,0,1,1,1,1,1,0,0,0,82.71172872,1,35,1.333333333,60
267,1,1,0,0,0,0,0,0,1,0,0,0,0,1,1,1,0,1,0,0,0,86.4786922,1,56,1,40
266,0,0,1,0,0,0,0,1,0,0,0,1,0,1,1,1,1,1,0,0,0,66.28176414,1,46,1,21
265,1,1,0,0,1,0,1,0,1,0,0,0,0,1,1,1,1,1,0,0,0,138.0837943,1,32,1,58
264,1,1,0,0,1,0,0,0,1,0,0,0,0,1,1,1,1,1,0,0,0,159.2572156,1,90,1,28
263,1,0,1,0,0,0,0,1,0,0,0,0,1,1,1,1,1,1,0,0,0,148.553146,1,111,1,100
263,1,1,0,1,0,0,0,0,0,1,0,0,0,1,1,1,1,1,0,1,0,138.3343218,1,222,1.333333333,76
263,1,0,1,0,0,0,0,1,0,0,0,1,0,1,1,1,1,1,0,0,0,140.3326233,1,145,1,52
263,0,0,1,0,0,0,0,1,0,0,0,0,1,1,1,1,1,1,0,0,0,116.3578007,1,42,1,49
263,1,1,0,1,0,0,0,0,0,1,0,0,0,1,1,1,1,1,1,0,0,164.3331396,1,121,0.8,48
261,1,1,0,0,0,0,1,0,1,0,0,0,0,1,1,1,1,1,0,0,0,161.5577495,1,76,1,77
261,0,0,1,0,0,0,0,1,0,0,0,0,1,1,1,1,1,1,0,0,0,187.0783619,1,18,0.8,51
261,1,1,0,0,0,0,1,0,1,0,0,1,0,1,1,1,0,0,1,0,0,161.8353394,1,32,1,42
260,1,1,0,1,0,0,1,0,1,0,0,0,0,1,1,1,1,0,0,0,0,154.0389524,1,78,1,74
260,1,1,0,1,0,0,1,0,1,0,0,0,0,1,1,1,1,1,0,0,0,113.8919951,1,67,0.8,58
260,1,0,1,0,0,0,0,1,0,0,0,1,0,1,1,1,1,1,0,1,0,170.8568164,1,81,1.333333333,42
259,0,0,1,0,0,0,0,1,0,0,0,0,1,1,1,1,1,1,0,0,0,126.4566286,1,106,1.01010101,38
259,0,0,1,0,0,0,0,1,0,0,0,1,0,1,1,1,1,1,0,0,0,155.2135181,1,108,1,34
259,1,1,0,0,0,0,0,0,1,0,0,1,1,1,1,1,1,1,0,0,0,139.7090472,1,34,1,27
258,0,0,1,0,0,0,0,1,0,0,0,0,0,1,1,1,1,0,0,1,0,173.9626954,1,90,1,41
257,1,1,0,0,0,1,1,0,0,1,0,0,1,1,1,1,1,1,0,0,0,96.97033671,1,21,1,48
256,1,1,0,0,1,0,1,0,1,0,0,0,0,1,1,1,1,1,0,0,0,176.7562797,1,58,1.333333333,93
256,1,1,0,1,0,0,1,0,1,0,0,0,0,1,1,1,1,1,0,0,0,137.929655,1,126,1,53
253,1,0,1,0,0,0,0,1,0,0,0,1,0,0,1,1,1,1,0,0,0,189.5631099,1,27,1,48
252,1,0,1,0,0,0,0,1,0,0,0,0,1,1,1,1,1,1,0,0,0,142.0991573,1,41,1,56
251,1,1,0,0,1,0,0,0,1,0,0,0,1,1,1,1,1,0,0,1,0,58.44056343,1,61,1,53
251,1,1,0,0,0,1,1,0,1,0,0,0,0,1,1,1,1,1,0,0,0,136.7475323,1,85,1,24
251,1,0,1,0,0,0,0,1,0,0,0,1,0,1,1,1,0,1,1,0,0,134.8563145,1,36,1,7
250,1,0,1,0,0,0,1,0,1,0,0,0,0,0,1,1,1,1,0,0,0,206.1754865,0.9,13,1,72
250,0,0,1,0,0,0,0,0,1,0,0,0,0,1,1,1,1,0,0,0,0,92.9694475,1,89,1,69
249,1,0,1,0,0,0,0,1,0,0,0,0,0,1,1,1,1,1,0,0,0,157.9931744,1,92,1,68
249,0,0,1,0,0,0,0,1,0,0,0,0,1,1,1,1,0,1,0,0,0,183.7639976,1,18,1,65
249,0,0,1,0,0,0,0,1,0,0,0,0,0,1,1,1,1,1,0,0,0,145.6740427,1,79,1,46
249,1,1,0,0,1,0,0,0,1,0,0,0,0,1,1,1,1,0,0,0,0,193.6636128,1,38,1,29
248,1,1,0,0,1,0,1,0,1,0,0,0,0,1,1,1,1,1,0,0,0,138.6661209,1,103,1,50
248,1,1,0,0,0,0,0,0,1,0,0,0,0,1,1,1,1,0,0,0,0,156.3167735,1,48,1,40
245,1,0,1,0,0,0,1,0,1,0,0,0,0,1,1,1,1,1,0,0,0,115.1352496,1,162,0.8,80
245,1,0,1,0,0,0,1,0,1,0,0,0,0,1,1,1,1,1,0,0,0,144.830037,1,38,1,63
245,1,1,0,0,1,0,0,0,1,0,0,0,0,1,1,1,0,1,0,0,0,116.6969937,1,99,1,60
245,0,1,0,0,0,1,1,0,0,0,1,0,0,1,1,1,0,1,0,0,0,175.0253194,1,32,1,44
245,0,0,1,0,0,0,0,1,0,0,0,0,0,1,1,1,1,1,0,0,0,111.326847,1,78,1,38
243,1,1,0,0,1,0,0,0,1,0,0,1,0,1,1,1,1,1,0,0,0,153.8351746,0.9,30,0.8,44
243,1,1,0,0,1,0,1,0,1,0,0,1,0,1,1,1,1,1,0,0,0,134.943798,1,51,1,42
242,1,1,0,0,1,0,1,0,1,0,0,0,0,0,1,1,1,0,0,1,0,204.2501154,1,67,1,72
242,1,0,1,0,0,0,0,1,0,0,0,1,0,1,1,1,1,1,1,0,0,131.1460498,1,39,1,30
242,0,0,1,0,0,0,0,1,0,0,0,0,0,1,1,1,1,1,1,1,0,130.2760543,1,66,1,24
241,1,1,0,0,1,0,1,0,1,0,0,1,0,1,1,1,1,0,0,0,0,141.791816,1,54,1,98
241,1,0,1,0,0,0,1,0,1,0,0,0,0,1,1,1,1,1,1,0,0,150.1529855,1,157,1,39
241,1,0,1,0,0,0,0,1,0,0,0,1,0,1,1,1,1,1,0,0,0,135.4037542,1,68,1,19
240,1,0,1,0,0,0,0,1,0,0,0,1,0,1,1,1,1,1,0,0,0,123.4963651,1,61,1,48
237,1,0,1,0,0,0,1,0,1,0,0,0,0,1,1,1,0,1,0,0,0,118.6341916,1,62,1,88
237,1,0,1,0,0,0,0,0,0,1,0,0,0,1,1,1,0,1,0,0,0,83.54513236,1,21,1,31
236,0,0,1,0,0,0,0,1,0,0,0,0,0,1,1,1,1,1,0,0,0,166.5856365,1,22,1,58
236,1,1,0,1,0,0,0,0,1,0,0,0,0,1,1,1,1,1,0,0,0,187.2790169,1,189,1,43
236,1,0,1,0,0,0,1,0,1,0,0,0,0,1,1,1,1,1,0,0,0,63.73192258,1,115,1,30
234,1,0,1,0,0,0,0,1,0,0,0,1,0,1,1,1,1,1,0,0,0,204.712511,1,143,1,59
233,1,0,1,0,0,0,0,1,0,0,0,0,0,1,1,1,1,1,1,0,0,145.8864767,1,103,1,52
232,1,1,0,1,0,0,0,0,1,0,0,0,0,1,1,1,0,1,1,0,0,112.0696724,1,43,0.98,108
232,1,1,0,1,0,1,1,0,1,0,0,0,0,1,1,1,0,1,0,0,0,155.9230441,1,13,1,30
232,1,1,0,0,1,0,1,0,1,0,0,0,0,1,1,1,1,0,0,0,0,200.4286552,1,27,1,16
230,0,0,1,0,0,0,0,1,0,0,0,0,0,1,1,1,0,1,0,0,0,143.9223809,1,46,1,73
230,1,0,1,0,0,0,1,0,1,0,0,0,0,1,1,1,1,0,0,1,0,201.3139506,1,24,1,51
229,1,1,0,0,1,0,0,0,1,0,0,1,0,1,1,1,1,1,0,0,0,111.4293667,1,39,1,55
229,0,0,1,0,0,0,0,1,0,0,0,0,0,0,1,1,1,1,1,0,0,216.9971649,1,77,1,53
229,1,0,1,0,0,0,0,1,0,0,0,1,0,1,1,1,0,1,0,0,0,119.7829669,1,25,1,38
228,1,1,0,1,0,0,0,0,1,0,0,0,0,1,1,1,0,1,0,0,0,142.8209301,1,58,1,76
227,0,0,1,0,0,0,1,0,0,1,0,0,0,1,1,1,1,1,0,0,0,129.916706,0.9,35,1.333333333,63
226,1,1,0,0,0,0,0,0,0,0,1,0,0,1,1,1,1,1,0,0,0,156.7238034,1,16,1,67
226,1,0,1,0,0,0,0,1,0,0,0,1,0,1,1,1,0,1,0,0,0,147.3503282,1,35,1,35
222,1,0,1,0,0,0,0,1,0,0,0,1,0,1,1,1,1,0,0,1,0,142.534847,1,100,1,28
221,1,1,0,0,1,0,1,0,1,0,0,1,0,1,1,1,1,1,0,0,0,139.0303906,1,124,1,85
219,1,1,0,1,0,0,0,0,1,0,0,0,0,1,1,1,1,1,0,0,0,101.0518692,1,76,1,59
218,1,1,0,0,1,0,0,0,1,0,0,0,0,1,1,1,1,0,0,1,0,129.9084035,1,65,1,96
218,1,1,0,1,0,0,0,0,0,1,0,0,1,0,1,1,1,1,1,1,0,163.8185575,1,77,1,52
217,1,0,1,0,0,0,0,1,0,0,0,1,0,1,1,1,1,1,0,1,0,126.0406275,1,73,1.333333333,74
217,1,0,1,0,0,0,0,1,0,0,0,0,0,1,1,1,0,1,0,1,0,128.5809136,1,36,1,24
217,1,1,0,0,1,0,1,0,1,0,0,1,0,1,1,1,1,1,0,0,0,136.3041695,1,71,1,15
216,0,0,1,0,0,0,0,1,0,0,0,0,0,1,1,1,1,1,0,0,0,191.0178515,1,62,1,14
215,1,0,1,0,0,0,0,1,0,0,0,1,0,1,1,1,0,1,0,0,0,122.7151835,1,76,1,20
214,1,0,1,0,0,0,0,1,0,0,0,0,0,1,1,1,1,1,0,0,0,103.278502,1,38,0.94,60
214,1,0,1,0,0,0,0,1,0,0,0,0,0,1,1,1,0,1,0,1,0,157.8769183,1,90,1.428571429,27
214,1,1,0,0,1,0,1,0,1,0,0,0,1,1,1,1,1,1,1,1,0,120.7296887,1,122,1,18
213,1,0,1,0,0,0,0,1,0,0,0,1,0,1,1,1,1,1,0,1,1,96.57159302,1,64,1,81
213,1,1,0,1,0,1,1,0,1,0,0,0,0,1,1,1,1,1,0,0,0,154.5482611,1,29,1,19
212,1,1,0,0,1,0,1,0,1,0,0,0,0,1,1,1,1,1,0,0,0,136.7170564,1,48,1,64
210,1,1,0,1,0,0,1,0,1,0,0,0,0,1,1,1,1,0,0,0,0,178.220271,1,30,1,58
210,1,1,0,0,0,0,0,0,1,0,0,0,0,1,1,1,0,1,1,0,0,141.338494,1,53,1,43
209,1,1,0,0,1,0,1,0,1,0,0,0,0,1,1,1,1,1,0,0,0,133.5018364,1,57,1,38
208,1,1,0,1,0,0,0,0,1,0,0,0,0,1,1,1,1,0,0,0,0,82.97788972,1,18,1,146
208,0,0,1,0,0,0,0,1,0,0,0,0,0,1,1,1,1,1,0,0,0,161.8577514,1,28,1,80
208,1,0,1,0,0,0,0,1,0,0,0,0,0,1,1,1,1,1,1,1,0,73.42686555,1,81,1,55
208,1,0,1,0,0,0,1,0,1,0,0,0,0,1,1,1,1,1,0,0,0,79.0761032,1,74,0.79,16
207,1,1,0,1,0,0,0,0,0,0,1,1,0,1,1,1,1,1,1,0,0,148.2934233,1,41,1,62
207,1,1,0,0,1,0,0,0,1,0,0,0,0,1,1,1,1,1,0,0,0,130.0953199,1,92,1,24
206,1,1,0,0,0,1,1,0,1,0,0,0,0,1,1,1,1,0,0,0,0,159.4471896,1,53,1,73
206,1,0,1,0,0,0,0,1,0,0,0,0,1,1,1,1,1,1,0,0,0,175.2700026,1,40,0.99,58
206,1,0,1,0,0,0,1,0,1,0,0,0,0,1,1,1,1,1,0,0,0,85.39372744,1,17,1,30
206,1,1,0,0,0,0,1,0,1,0,0,0,0,1,1,1,1,1,0,0,0,86.76096165,1,67,1,12
205,1,0,1,0,0,0,0,1,0,0,0,0,0,1,1,1,1,1,0,0,0,56.32162175,1,25,1,29
204,1,0,1,0,0,0,0,1,0,0,0,0,0,0,1,1,0,1,0,0,0,105.8552615,0.9,4,1,45
204,1,1,0,0,0,0,1,0,1,0,0,1,0,1,1,1,1,1,0,1,0,118.807145,1,124,0.8,37
204,1,1,0,0,0,1,1,0,1,0,0,0,0,1,1,1,0,1,0,0,0,145.6355544,1,57,1,21
203,1,1,0,0,0,0,0,0,1,0,0,1,0,1,1,1,1,1,0,0,0,126.5728802,1,84,1,62
203,1,0,1,0,0,0,0,1,0,0,0,0,1,1,1,1,1,1,0,0,0,114.9523126,1,35,1,50
202,1,1,0,0,0,0,0,0,0,1,0,0,1,1,1,1,1,1,0,0,0,165.608173,1,120,1,30
202,1,1,0,0,1,0,0,0,1,0,0,0,0,1,1,1,0,1,0,0,0,117.0807936,1,103,0.8,30
201,1,1,0,0,0,1,0,0,1,0,0,0,0,1,1,1,1,1,0,0,0,135.4302278,1,76,1,44
200,1,1,0,0,1,0,1,1,0,0,0,1,0,1,1,1,1,1,0,0,0,134.1235267,1,15,1,43
200,1,1,0,0,1,0,0,0,1,0,0,0,0,1,1,1,1,1,0,0,0,191.0496565,1,68,1,39
197,1,1,0,0,0,0,0,1,0,0,0,0,0,1,1,1,1,0,0,1,0,155.3232701,1,82,1.333333333,19
196,1,0,1,0,0,0,0,1,0,0,0,1,0,1,1,1,0,1,0,0,0,142.2884196,1,20,1,78
196,1,0,1,0,0,0,0,1,0,0,0,0,0,1,1,1,1,1,0,0,0,105.3562638,1,45,1,42
196,1,0,1,0,0,0,0,1,0,0,0,0,1,1,1,1,0,0,0,0,0,140.7432062,1,31,0.99,38
195,1,0,1,0,0,0,0,1,0,0,0,1,0,1,1,1,1,1,1,0,0,160.8298867,1,134,1,59
195,1,0,1,0,0,0,0,1,0,0,0,0,1,1,1,1,1,1,1,0,0,135.1169831,1,45,1,30
194,0,0,1,0,0,0,0,1,0,0,0,0,0,1,1,1,1,1,0,0,0,148.6116601,1,53,1,34
194,1,0,1,0,0,0,0,1,0,0,0,1,0,1,1,1,1,0,0,1,1,47.75739815,1,16,1,30
193,1,0,1,0,0,0,0,0,1,0,0,0,0,1,1,1,1,1,0,0,0,181.9418154,1,87,1,35
193,1,1,0,0,1,0,1,0,1,0,0,0,0,1,1,1,1,1,0,1,1,126.9384893,1,74,1,25
191,1,0,1,0,0,0,0,1,0,0,0,0,0,1,1,1,1,1,0,0,0,179.3241951,1,93,1,29
190,1,1,0,0,1,0,1,0,1,0,0,0,0,1,1,1,1,1,1,0,0,145.1068984,1,41,0.99,44
190,1,0,1,0,0,0,0,1,0,0,0,1,1,1,1,1,1,1,0,0,0,119.7528898,1,87,1.923076923,26
190,1,1,0,0,1,0,1,0,1,0,0,1,0,0,1,1,1,1,1,0,0,238.8021991,1,22,1,25
189,1,1,0,0,1,0,1,0,1,0,0,0,0,1,1,1,1,0,0,0,0,211.1760551,1,24,1,26
189,0,0,1,0,0,0,0,1,0,0,0,0,0,0,1,1,0,1,1,0,0,170.6620707,1,32,1,19
188,1,1,0,0,0,0,0,0,1,0,0,0,0,1,1,1,1,1,0,0,0,152.4909918,1,53,1,40
188,1,1,0,0,1,0,0,0,1,0,0,0,0,1,1,1,1,1,0,0,0,103.7549224,1,45,1,22
187,0,0,1,0,0,0,0,1,0,0,0,0,0,1,1,1,1,1,0,0,0,135.7472211,1,52,1.265822785,30
185,1,0,1,0,0,0,0,1,0,0,0,0,0,1,1,1,1,1,0,1,0,129.1048901,1,87,1,23
184,1,1,0,0,0,0,1,0,1,0,0,0,0,1,1,1,0,1,0,0,0,146.879688,1,22,1,34
183,1,1,0,0,1,0,1,0,1,0,0,0,0,1,1,1,0,1,0,0,0,91.0250027,1,92,1,44
183,1,0,1,0,0,0,0,1,0,0,0,0,0,1,1,1,1,0,0,0,0,163.47039,1,37,1,32
180,0,0,1,0,0,0,0,1,0,0,0,1,1,0,1,1,0,0,0,0,0,166.7796451,0.6,15,1,42
180,1,0,1,0,0,0,0,1,0,0,0,0,1,1,1,1,1,1,0,1,0,157.3514018,1,88,1,37
180,1,1,0,0,1,0,0,0,1,0,0,1,0,1,1,1,1,0,0,1,0,165.1165393,1,18,1,23
179,1,1,0,1,0,1,1,0,1,0,0,0,0,1,1,1,1,1,0,0,0,134.0051565,1,55,0.8,74
179,1,1,0,0,1,0,1,0,1,0,0,0,0,1,1,1,0,1,0,0,0,124.7021745,1,61,1,20
177,1,0,1,0,0,0,1,0,1,0,0,0,0,1,1,1,0,1,0,0,0,127.2834758,1,66,1.333333333,106
177,1,1,0,1,0,0,1,0,1,0,0,0,0,1,1,1,1,1,0,0,0,199.1710646,1,179,1,33
177,1,1,0,0,1,0,0,0,1,0,0,0,0,1,1,1,1,1,0,1,0,127.8926678,1,90,1,18
176,1,1,0,0,1,0,1,0,1,0,0,1,0,1,1,1,1,1,0,1,0,190.3091302,1,60,1,50
175,1,0,1,0,0,0,0,1,0,0,0,0,1,1,1,1,1,0,0,0,0,115.8720488,1,45,1,128
175,1,0,1,0,0,0,0,1,0,0,0,0,1,1,1,1,1,1,0,0,0,144.5341361,1,143,1.052631579,58
175,1,1,0,0,1,0,0,0,1,0,0,0,0,1,1,1,1,1,0,0,0,109.3575368,1,59,1,32
174,1,0,1,0,0,0,1,0,1,0,0,0,0,1,1,1,1,1,0,0,0,161.1349809,1,79,1,76
173,1,1,0,0,1,0,0,0,1,0,0,0,0,1,1,1,0,1,0,0,0,121.0823917,0.9,24,1,62
173,1,1,0,0,1,0,0,0,1,0,0,1,0,1,1,1,1,1,0,1,1,150.0631976,1,45,1.333333333,45
173,1,1,0,1,0,0,0,0,0,1,0,0,0,1,1,1,1,1,1,0,0,139.2663129,1,276,1,45
172,0,0,1,0,0,0,0,1,0,0,0,0,0,0,1,1,0,1,0,0,0,155.8374489,0.9,34,1,52
172,0,0,1,0,0,0,0,1,0,0,0,0,0,1,1,1,1,1,0,1,0,120.2165837,1,61,1.149425287,51
172,1,1,0,0,1,0,0,0,1,0,0,0,0,1,1,1,1,1,0,0,0,101.3116173,1,47,1,39
171,1,1,0,0,1,0,1,0,1,0,0,1,0,1,1,1,1,0,0,1,0,184.1921716,1,72,1.515151515,33
171,1,1,0,1,0,0,1,0,0,1,0,1,0,1,1,1,0,1,0,0,0,133.8135855,1,27,1,15
171,1,1,0,0,1,0,1,0,1,0,0,0,0,1,1,1,1,0,0,0,0,113.7475457,1,113,1,14
170,1,0,1,0,0,0,0,1,0,0,0,0,1,1,1,1,1,0,0,0,0,156.4922639,1,63,1.01010101,63
170,1,0,1,0,0,0,0,1,0,0,0,0,0,1,1,1,1,1,1,0,0,119.9015606,1,100,1,25
169,1,0,1,0,0,0,0,1,0,0,0,1,0,1,1,1,1,1,0,1,0,102.9323793,1,181,0.8,60
169,1,1,0,0,1,0,0,0,1,0,0,1,0,0,1,1,0,0,0,0,0,143.9305456,0.6,9,1,40
169,0,0,1,0,0,0,0,1,0,0,0,0,0,1,1,1,1,1,0,0,0,190.8316386,1,55,1,15
168,0,0,1,0,0,0,0,1,0,0,0,0,0,1,1,1,1,1,0,0,0,153.140588,1,92,1,81
168,1,0,1,0,0,0,1,0,0,0,1,0,0,1,1,1,1,0,0,1,0,137.5334823,1,56,1,36
167,1,0,1,0,0,0,1,0,1,0,0,0,0,1,1,1,1,0,0,0,0,174.7943219,1,44,1,58
167,1,1,0,0,1,0,1,0,1,0,0,0,0,1,1,1,1,1,0,0,0,143.4848008,1,103,1,46
164,1,1,0,0,1,0,1,0,1,0,0,0,0,1,1,1,0,1,0,1,0,102.8535496,1,145,1.282051282,29
164,1,1,0,0,0,1,1,0,1,0,0,0,0,0,1,1,0,1,0,0,0,123.8226029,1,15,1,29
163,1,0,1,0,0,0,0,1,0,0,0,1,0,1,1,1,1,1,0,0,0,176.8597202,1,44,1,17
162,1,0,1,0,0,0,0,1,0,0,0,0,0,1,1,1,1,1,0,0,0,106.8602167,1,127,0.99,46
162,1,1,0,0,0,0,0,0,1,0,0,1,0,1,1,1,1,1,0,0,0,132.1004976,1,113,1,27
162,1,1,0,0,1,0,0,0,1,0,0,0,0,1,1,1,1,1,0,1,0,135.362958,1,76,1.351351351,19
162,1,1,0,0,1,0,0,0,1,0,0,1,0,1,1,1,1,1,1,0,0,123.8803374,1,76,1,14
161,1,1,0,1,0,0,0,0,0,1,0,1,0,1,1,1,1,1,0,0,0,101.7849534,1,193,1,91
161,1,0,1,0,0,0,0,1,0,0,0,0,0,1,1,1,1,1,0,0,0,152.7115753,1,80,1.333333333,30
160,1,1,0,0,1,0,0,0,1,0,0,1,0,1,1,1,1,1,0,0,0,169.1973084,1,63,1,23
159,1,0,1,0,0,0,0,1,0,0,0,0,1,1,1,1,1,1,0,1,0,170.5219305,1,75,1.01010101,45
158,1,1,0,0,0,0,1,0,1,0,0,1,0,1,1,1,0,1,0,0,0,125.4616511,1,80,1,47
158,1,0,1,0,0,0,1,0,1,0,0,0,0,0,1,1,1,1,0,0,0,117.5238341,0.8,10,1,38
157,1,1,0,0,1,0,1,0,1,0,0,0,0,1,1,1,1,1,0,0,0,119.083211,1,168,1.333333333,21
156,1,0,1,0,0,0,0,1,0,0,0,1,0,1,1,1,1,1,0,0,0,121.9680954,1,103,1,66
156,1,1,0,0,0,0,1,0,1,0,0,0,0,1,1,1,1,1,1,0,0,152.2016396,1,53,1,32
156,1,1,0,1,0,0,0,0,0,1,0,0,0,1,1,1,0,1,0,0,0,157.0072643,1,79,1,30
155,1,1,0,1,0,0,0,0,0,1,0,0,0,1,1,1,1,1,0,0,0,182.1393813,1,44,1,45
155,1,1,0,0,1,0,0,0,1,0,0,0,0,1,1,1,1,1,0,0,0,60.79592081,1,48,1,22
155,1,1,0,0,0,1,0,0,0,1,0,0,1,1,1,1,1,1,0,0,0,163.7604773,1,82,0.8,21
155,0,0,1,0,0,0,0,1,0,0,0,1,0,1,1,1,1,1,0,0,0,196.089087,1,27,1,12
154,1,1,0,0,1,0,0,0,1,0,0,0,0,1,1,1,1,1,0,0,0,62.61577549,1,5,1,33
154,1,1,0,0,1,0,1,0,1,0,0,0,0,0,1,1,1,0,0,0,0,202.6472758,0.6,18,1,24
154,1,0,1,0,0,0,0,1,0,0,0,0,0,1,1,1,1,0,0,1,0,108.7342825,1,70,1,14
153,1,1,0,0,1,0,0,0,1,0,0,0,0,1,1,1,1,1,0,0,0,164.6289435,1,32,1,83
153,1,1,0,1,0,0,0,0,1,0,0,0,0,1,1,1,0,0,0,0,0,121.1312886,1,56,1,76
153,1,1,0,0,1,0,0,0,1,0,0,0,1,1,1,1,0,1,0,0,0,163.2980074,0.8,43,1,64
153,1,1,0,0,1,1,1,0,1,0,0,0,0,1,1,1,0,1,0,0,0,109.6594042,1,30,1,30
152,1,1,0,0,0,0,0,0,1,0,0,1,0,1,1,1,1,0,0,0,0,180.8812251,1,27,1,56
152,1,0,1,0,0,0,1,0,1,0,0,0,0,1,1,1,1,1,0,0,0,160.4531182,1,87,1,51
152,1,0,1,0,0,0,0,1,0,0,0,0,0,1,1,1,1,1,0,0,0,169.8278488,1,42,1,45
152,1,0,1,0,0,0,0,1,0,0,0,0,0,1,1,1,0,0,0,1,0,140.6854085,0.9,37,0.8,26
152,1,0,1,0,0,0,0,1,0,0,0,0,0,1,1,1,1,1,0,0,0,149.8845616,1,160,1,26
152,1,1,0,1,0,0,0,0,1,0,0,0,0,1,1,1,0,1,0,0,0,135.874217,1,37,1,11
151,1,0,1,0,0,0,1,0,0,0,1,0,0,1,1,1,0,1,0,1,0,89.58696004,1,92,0.8,57
151,1,1,0,1,0,1,0,0,1,0,0,0,0,1,1,1,1,1,0,1,0,120.7026139,1,120,1,44
151,1,1,0,1,0,0,0,0,1,0,0,0,0,0,1,1,1,1,0,0,0,149.3648563,1,53,1,13
150,0,0,1,0,0,0,0,1,0,0,0,0,0,1,1,1,1,1,1,1,0,131.5766117,1,62,0.8,25
150,1,1,0,1,0,0,0,0,1,0,0,1,0,0,1,1,1,1,0,0,0,150.6419186,0.9,25,1,13
149,1,1,0,0,1,0,0,0,1,0,0,0,0,1,1,1,1,1,0,0,0,149.2183514,0.9,17,1,26
148,0,0,1,0,0,0,0,1,0,0,0,1,0,1,1,1,1,0,0,0,0,171.6368506,1,77,1,36
148,1,0,1,0,0,0,0,1,0,0,0,1,0,1,1,1,1,1,0,0,0,159.8201863,1,91,1,28
148,1,1,0,0,0,0,1,0,1,0,0,0,0,1,1,1,1,1,0,1,0,116.2995797,1,56,1,9
146,1,1,0,0,1,0,0,0,1,0,0,0,0,1,1,1,1,1,0,0,0,131.108851,1,77,1,25
145,1,1,0,0,1,0,1,0,1,0,0,0,0,1,1,1,1,1,0,0,0,125.4112543,1,60,1,29
144,1,0,1,0,0,0,1,0,0,0,1,0,0,1,1,1,1,1,0,0,0,119.6363539,1,116,1,33
144,1,0,1,0,0,0,0,1,0,0,0,0,0,1,1,1,1,1,0,1,0,120.2972273,1,94,1,29
143,1,1,0,0,0,1,0,0,0,1,0,0,0,1,1,1,1,0,0,0,0,208.0547234,1,38,1,46
140,1,0,1,0,0,0,0,1,0,0,0,0,1,1,1,1,1,0,0,0,0,180.7783722,1,47,1.204819277,48
140,1,1,0,0,0,0,0,0,1,0,0,0,0,1,1,1,1,0,0,0,0,159.5905111,1,29,1,41
140,1,0,1,0,0,0,0,1,0,0,0,0,1,1,1,1,0,1,1,0,0,144.3533252,1,65,1,40
136,1,0,1,0,0,0,0,1,0,0,0,0,0,1,1,1,1,1,0,0,0,113.9648956,1,61,1,38
136,1,0,1,0,0,0,0,1,0,0,0,0,0,1,1,1,1,1,0,0,0,105.0560599,1,167,1,20
136,1,1,0,0,0,0,0,0,1,0,0,0,0,1,1,1,1,1,0,0,0,105.1249665,1,134,1.515151515,14
135,1,1,0,0,1,0,0,0,0,0,1,0,0,1,1,1,1,1,0,1,0,127.9134684,1,40,1,60
134,0,0,1,0,0,0,0,1,0,0,0,0,0,1,1,1,1,0,0,0,0,187.5536549,1,76,1,36
130,1,0,1,0,0,0,0,1,0,0,0,0,0,0,1,1,1,0,0,1,0,132.0589365,0.9,38,1,47
130,1,1,0,0,1,0,1,0,1,0,0,0,0,1,1,1,1,1,1,0,0,126.0371892,1,93,1,44
130,1,0,1,0,0,0,0,1,0,0,0,1,0,1,1,1,0,1,0,0,0,130.4896055,1,65,1,37
129,1,1,0,0,0,0,0,0,1,0,0,0,0,1,1,0,0,1,0,0,0,106.5191466,0.9,0,1,21
128,1,1,0,0,1,0,1,0,1,0,0,0,0,1,1,1,1,1,0,1,0,135.7130916,1,97,1,23
128,1,1,0,0,1,0,0,0,1,0,0,1,0,1,1,1,1,1,0,0,0,172.7017839,1,47,1,16
126,1,0,1,0,0,0,0,1,0,0,0,0,1,1,1,1,0,1,0,0,0,142.5068205,1,45,1,52
126,1,0,1,0,0,0,0,1,0,0,0,0,0,1,1,1,1,1,0,1,0,165.1478301,1,73,1,36
126,1,1,0,0,1,0,0,0,1,0,0,1,0,1,1,1,1,1,0,0,0,132.7451872,1,36,1.123595506,19
125,1,1,0,0,1,0,1,0,1,0,0,0,0,1,1,1,1,1,0,1,0,94.9985827,1,99,1.01010101,59
125,0,0,1,0,0,0,0,1,0,0,0,1,0,1,1,1,1,1,1,0,0,138.8933671,1,82,1,42
125,1,1,0,0,1,0,0,0,1,0,0,0,0,1,1,1,1,1,1,1,0,132.5318088,1,98,1.333333333,25
124,1,1,0,0,0,0,1,0,1,0,0,1,0,1,1,1,1,0,0,0,0,147.9710672,1,138,0.8,63
124,1,1,0,0,0,0,0,0,1,0,0,1,0,1,1,1,1,0,0,0,0,142.3523963,1,70,1,31
124,1,0,1,0,0,0,0,1,0,0,0,0,1,1,1,1,1,0,0,1,0,138.1192417,1,115,1,18
123,1,1,0,0,0,0,0,0,1,0,0,0,0,0,1,1,1,1,0,0,0,161.2656909,1,60,1,17
121,1,1,0,0,1,0,1,0,1,0,0,0,0,1,1,1,0,1,0,0,0,170.9775001,1,37,1.351351351,70
121,1,1,0,0,0,0,1,0,1,0,0,0,0,1,1,1,1,1,0,0,0,131.1691279,1,42,1,23
119,0,0,1,0,0,0,0,1,0,0,0,0,0,1,1,1,1,1,0,0,0,152.3463199,1,123,1,29
117,1,1,0,0,1,0,1,0,1,0,0,0,0,1,1,1,1,1,0,0,0,120.7327512,1,83,1,44
116,1,1,0,0,1,0,1,0,1,0,0,0,0,1,1,1,1,1,0,0,0,107.4777956,1,45,1,41
116,1,1,0,0,0,0,1,0,1,0,0,0,0,1,1,1,0,1,0,0,0,92.81115665,1,31,1,30
115,1,0,1,0,0,0,0,1,0,0,0,1,0,1,1,1,0,1,0,1,0,102.3756778,0.9,21,1,35
114,1,1,0,0,1,0,0,0,0,1,0,0,0,1,1,1,1,1,1,1,0,150.2020333,1,45,1,43
113,1,1,0,0,1,0,1,0,1,0,0,0,0,1,1,1,1,0,0,1,0,77.73496776,1,43,1,35
113,1,0,1,0,0,0,0,1,0,0,0,1,0,1,1,1,1,1,0,0,0,193.4172452,1,42,1,28
113,1,0,1,0,0,0,0,1,0,0,0,0,1,1,1,1,1,1,0,1,0,152.2529307,1,36,1,21
112,1,1,0,0,1,0,1,0,1,0,0,0,0,1,1,1,1,1,0,0,0,116.1878609,1,108,1,66
112,1,1,0,0,0,0,1,0,1,0,0,0,0,1,1,1,1,1,0,0,0,165.2166194,1,103,1,29
112,1,0,1,0,0,0,1,0,1,0,0,1,0,1,1,1,1,0,0,0,0,152.4413315,1,64,1,23
112,1,1,0,0,1,0,0,0,1,0,0,1,0,0,1,1,1,1,0,0,0,184.5212202,1,23,1,21
112,1,1,0,0,1,0,1,0,1,0,0,1,0,0,1,1,0,0,0,0,0,165.1969507,0.8,31,1,20
111,1,1,0,0,1,0,1,0,1,0,0,0,0,1,1,1,0,1,0,0,0,122.8890964,1,184,1,16
111,1,0,1,0,0,0,0,0,1,0,0,0,0,1,1,1,1,1,0,0,0,135.463088,1,57,1,15
109,1,0,1,0,0,0,0,1,0,0,0,0,0,1,1,1,1,1,0,0,0,120.8969824,1,121,1,47
106,1,1,0,0,0,0,0,0,1,0,0,0,0,1,1,1,1,1,0,0,0,138.2427398,1,91,1,27
105,1,1,0,1,0,0,0,0,1,0,0,1,0,1,1,1,1,1,0,0,0,134.8204372,1,37,1,31
105,1,1,0,0,1,0,0,0,1,0,0,0,0,1,1,1,1,1,0,0,0,189.6720343,1,15,1,22
105,1,1,0,0,1,0,0,0,1,0,0,1,0,1,1,1,0,1,0,0,0,150.1687986,1,67,0.8,13
104,1,1,0,0,0,1,0,0,1,0,0,1,0,1,1,1,0,1,0,0,0,82.32028337,1,28,1.515151515,36
104,1,0,1,0,0,0,0,1,0,0,0,0,0,1,1,1,1,1,1,0,0,148.6948763,1,84,1.333333333,36
104,1,1,0,0,1,0,1,0,1,0,0,0,0,1,1,1,0,1,0,0,0,91.7243893,1,42,1,27
104,1,0,1,0,0,0,0,1,0,0,0,1,0,1,1,1,1,1,0,0,0,156.3285795,1,45,1,19
104,0,0,1,0,0,0,0,1,0,0,0,0,0,1,1,1,1,1,0,1,0,167.8475362,1,22,1,18
103,1,1,0,1,0,0,0,1,0,0,0,1,0,1,1,1,1,1,0,0,0,166.5975256,1,127,0.89,48
103,1,1,0,0,0,1,1,0,1,0,0,0,0,1,1,1,1,1,0,1,0,106.0218928,1,74,0.8,40
103,1,1,0,1,0,0,1,0,1,0,0,0,0,1,1,1,0,1,0,0,0,108.3334439,1,92,1,30
102,0,0,1,0,0,0,0,1,0,0,0,0,1,0,1,1,1,1,0,0,0,160.6523555,1,51,1,33
102,1,0,1,0,0,0,0,1,0,0,0,1,0,1,1,1,1,1,0,0,0,136.930855,1,58,1.515151515,12
101,1,1,0,0,1,0,1,0,1,0,0,0,0,1,1,1,1,0,0,0,0,108.1638307,1,53,1.351351351,45
101,1,0,1,0,0,0,0,1,0,0,0,1,0,1,1,1,1,1,0,0,0,116.2171455,1,19,1,28
101,1,1,0,0,0,1,0,0,1,0,0,0,0,1,1,1,1,1,0,0,0,136.1735877,1,113,1.333333333,23
100,1,1,0,0,1,0,0,0,1,0,0,0,0,1,1,1,1,1,0,0,0,173.5413796,1,65,1,18
99,1,1,0,0,1,0,1,0,1,0,0,0,0,1,1,1,0,1,0,0,0,122.7006016,1,47,1,30
98,1,1,0,0,1,0,0,0,1,0,0,0,0,1,1,1,1,1,0,1,0,85.16777434,1,85,1,49
98,1,0,1,0,0,0,0,1,0,0,0,1,0,1,1,1,1,0,0,0,0,132.7823971,1,52,1,34
97,1,0,1,0,0,0,0,1,0,0,0,1,0,1,1,1,1,1,0,0,0,120.5626346,1,114,1,31
97,1,0,1,0,0,0,0,1,0,0,0,1,0,1,1,1,1,1,0,0,0,105.2315612,1,19,1,27
96,1,1,0,0,0,1,0,0,1,0,0,0,0,1,1,1,1,0,0,0,0,146.5905779,1,37,1.785714286,34
95,0,0,1,0,0,0,0,1,0,0,0,0,0,0,1,1,1,1,0,0,0,185.4060422,0.9,45,1.515151515,34
93,1,1,0,1,0,0,1,0,1,0,0,0,0,1,1,1,0,1,0,0,0,174.9883104,1,93,1,8
92,1,1,0,0,1,0,1,0,1,0,0,0,0,1,1,1,1,0,0,1,1,102.2832896,1,48,0.8,22
92,1,1,0,0,0,0,1,0,1,0,0,0,0,1,1,1,0,0,0,0,0,113.7626779,1,31,0.8,14
91,1,0,1,0,0,0,0,1,0,0,0,0,1,1,1,1,1,1,0,1,0,86.94742534,1,125,1,27
90,1,0,1,0,0,0,1,0,0,0,1,1,0,0,1,1,0,0,0,0,0,152.9624855,0.6,22,1,81
90,1,0,1,0,0,0,1,0,1,0,0,0,0,1,1,1,1,1,0,0,0,104.0674736,1,72,1,15
89,1,1,0,0,1,0,0,0,1,0,0,0,0,1,1,1,1,1,0,0,0,128.6588345,1,87,1,22
89,0,0,1,0,0,0,0,1,0,0,0,1,0,1,1,1,1,0,0,1,0,133.4096847,0.9,13,1,21
89,1,1,0,0,1,0,0,0,1,0,0,0,0,1,1,1,1,1,0,0,0,168.297844,1,86,1,17
89,1,0,1,0,0,0,0,0,1,0,0,0,0,1,1,1,1,1,0,0,0,99.48785785,1,43,1,12
87,1,1,0,0,1,0,1,0,1,0,0,1,0,1,1,1,1,0,0,1,0,145.4261542,1,58,1,42
86,1,1,0,1,0,0,0,0,0,1,0,0,0,1,1,1,1,1,0,0,0,95.39164729,1,33,1,57
86,1,1,0,0,1,0,1,0,1,0,0,0,0,1,1,1,1,1,0,0,0,158.9935896,1,135,0.8,31
86,1,1,0,0,1,0,1,0,1,0,0,0,0,1,1,1,1,1,0,0,0,112.7867964,1,24,1,28
86,1,1,0,0,1,0,1,0,1,0,0,1,0,1,1,1,1,1,0,0,0,124.1076405,1,39,1,25
85,1,0,1,0,0,0,0,1,0,0,0,1,0,1,1,1,1,1,0,0,0,182.1392547,1,30,1,56
85,1,1,0,0,0,1,0,0,0,1,0,0,0,1,1,1,1,1,0,0,0,108.687301,1,60,1,55
85,1,0,1,0,0,0,0,1,0,0,0,1,1,1,1,1,1,1,1,0,0,141.1897531,1,63,0.8,52
85,1,1,0,0,1,0,0,0,1,0,0,0,0,1,1,1,1,0,0,1,0,182.7374399,1,51,1,11
84,1,0,1,0,0,0,0,1,0,0,0,0,0,0,1,1,1,0,0,0,0,205.635021,0.7,16,1,47
84,1,1,0,0,0,0,1,0,1,0,0,0,0,1,1,1,1,1,0,1,0,95.53331631,1,89,1,45
84,1,1,0,0,1,0,0,0,1,0,0,1,0,1,1,1,1,0,0,1,0,160.079481,1,89,1,20
83,1,1,0,0,0,0,0,0,1,0,0,0,0,0,1,1,1,0,0,0,0,136.1164512,0.9,72,1,28
83,1,1,0,0,1,0,1,0,1,0,0,1,0,1,1,1,1,1,0,0,0,166.9349792,1,33,1,16
82,0,0,1,0,0,0,0,1,0,0,0,0,0,1,1,1,1,1,0,0,0,115.7771734,0.9,30,1,65
82,1,0,1,0,0,0,0,1,0,0,0,0,0,1,1,1,1,0,0,1,1,181.6977589,1,65,1.333333333,30
82,1,0,1,0,0,0,0,1,0,0,0,0,0,1,1,1,1,0,0,0,0,153.3188577,1,50,1,30
82,0,0,1,0,0,0,0,1,0,0,0,0,0,1,1,1,1,1,0,0,0,135.3629462,1,80,0.8,14
81,1,1,0,0,1,0,1,0,1,0,0,0,0,0,1,1,1,1,0,0,0,181.4484202,1,25,1,56
81,0,0,1,0,0,0,1,0,0,1,0,0,0,1,1,1,0,1,0,0,0,99.7902643,1,32,1,35
80,1,1,0,0,1,0,0,0,1,0,0,0,0,1,1,1,1,0,0,0,0,137.7208179,1,81,1,14
79,1,0,1,0,0,0,1,0,0,0,1,0,0,1,1,1,0,1,0,1,0,111.4080857,1,71,1,11
76,1,0,1,0,0,0,1,0,1,0,0,0,0,1,1,1,1,0,0,0,0,178.0069822,1,44,1,34
76,1,0,1,0,0,0,1,0,1,0,0,0,0,1,1,1,1,1,1,0,0,142.4593788,1,197,1,17
76,0,1,0,0,1,0,1,0,1,0,0,0,0,1,1,1,0,1,0,0,0,157.234982,1,70,1,11
75,1,1,0,0,0,0,1,0,1,0,0,0,0,1,1,1,0,1,0,0,0,152.5290803,0.9,20,1,37
75,1,1,0,1,0,0,0,0,1,0,0,0,0,1,1,1,1,1,0,0,0,116.8673124,1,211,1,27
75,0,0,1,0,0,0,0,1,0,0,0,0,0,1,1,1,1,1,0,0,0,142.2499705,1,28,1.041666667,17
75,1,1,0,0,1,0,0,0,1,0,0,0,0,1,1,1,1,1,0,0,0,81.43594233,1,51,1,17
74,1,1,0,0,1,0,0,0,1,0,0,1,0,1,1,1,1,1,0,1,0,175.0067366,1,44,1,37
74,0,0,1,0,0,0,0,1,0,0,0,0,0,1,1,1,0,0,0,0,0,154.7777107,0.9,56,1.333333333,30
74,1,1,0,0,1,0,1,0,1,0,0,0,0,1,1,1,1,1,0,0,0,203.2629658,1,29,1,12
73,1,0,1,0,0,0,0,1,0,0,0,0,1,1,1,1,0,1,0,0,0,81.34063243,1,24,1,28
72,1,0,1,0,0,0,1,0,1,0,0,0,0,1,1,1,1,1,0,0,0,136.2567069,1,141,1,28
72,1,1,0,1,0,0,0,0,1,0,0,0,0,1,1,1,0,0,0,0,0,171.1351049,1,22,1,26
71,1,0,1,0,0,0,0,1,0,0,0,1,0,1,1,1,1,1,0,0,0,110.3016917,1,101,1,31
70,1,0,1,0,0,0,0,1,0,0,0,1,0,1,1,1,1,1,0,0,0,129.0115088,1,96,0.99,36
70,1,1,0,0,1,0,0,0,1,0,0,0,0,1,1,1,1,1,1,0,0,179.7685011,1,71,1,23
70,1,1,0,0,1,1,0,0,1,0,0,0,0,1,1,1,0,1,0,1,0,146.3964054,1,37,0.8,9
69,1,0,1,0,0,0,0,1,0,0,0,1,0,1,1,1,1,0,0,0,0,124.7457503,1,36,1,40
69,1,0,1,0,0,0,1,0,1,0,0,0,0,1,1,1,1,1,0,0,0,125.3137678,1,89,1,34
69,0,0,1,0,0,0,0,1,0,0,0,0,0,1,1,1,0,1,0,0,0,130.7948407,1,51,1,25
68,1,0,1,0,0,0,1,0,1,0,0,0,0,1,1,1,1,1,1,0,0,140.8099655,1,66,1,49
68,1,1,0,0,1,0,1,0,1,0,0,1,0,1,1,1,0,1,0,0,0,165.5771424,1,37,1,28
68,1,0,1,0,0,0,0,1,0,0,0,0,0,1,1,1,0,1,0,0,0,131.2064416,1,72,1,22
67,0,0,1,0,0,0,0,1,0,0,0,1,0,1,1,1,1,1,0,1,0,157.5031252,1,75,1.333333333,10
65,1,1,0,0,0,1,0,0,1,0,0,0,0,1,1,1,1,1,1,0,0,131.9775525,1,77,1,18
65,1,0,1,0,0,0,1,0,0,1,0,0,0,1,1,1,1,0,0,0,0,172.7221057,1,17,1,13
64,1,1,0,0,1,0,1,0,1,0,0,0,0,1,1,1,1,0,0,1,0,170.198562,1,92,1.515151515,44
64,1,0,1,0,0,0,0,1,0,0,0,1,0,1,1,1,1,1,0,0,0,137.2518648,1,60,1,31
64,0,0,1,0,0,0,0,1,0,0,0,0,0,1,1,1,1,1,0,0,0,216.4034084,1,47,1,23
63,1,0,1,0,0,0,0,1,0,0,0,0,0,1,1,1,1,1,0,1,0,117.1782482,1,54,1.01010101,29
62,1,1,0,0,1,0,1,0,1,0,0,0,0,1,1,1,0,0,0,0,0,120.3826439,1,52,1.176470588,29
61,1,1,0,0,1,1,1,0,1,0,0,0,0,1,1,1,1,1,0,0,0,153.9235391,1,36,1,47
60,0,0,1,0,0,0,0,1,0,0,0,0,0,1,1,1,1,1,0,0,0,140.4177839,1,113,1.333333333,27
58,1,0,1,0,0,0,0,1,0,0,0,1,0,1,1,1,1,1,0,1,0,205.4618119,1,73,1,36
57,1,0,1,0,0,0,1,0,1,0,0,0,0,1,1,1,0,1,0,0,0,81.30192251,0.8,5,1,20
54,1,0,1,0,0,0,0,1,0,0,0,0,0,1,1,1,1,0,0,1,0,81.55768129,1,75,0.8,14
54,1,1,0,0,0,0,1,0,1,0,0,0,0,1,1,1,1,0,0,0,0,142.825373,1,55,1.333333333,9
53,0,0,1,0,0,0,0,1,0,0,0,1,0,1,1,1,1,1,0,1,0,180.7900054,1,85,1,15
53,1,0,1,0,0,0,0,1,0,0,0,0,0,0,1,1,1,1,0,0,0,164.5441079,1,89,1,6
52,1,0,1,0,0,0,0,1,0,0,0,0,0,1,1,1,0,1,0,0,0,129.7621305,1,41,1,37
52,1,0,1,0,0,0,0,1,0,0,0,1,0,1,1,1,0,1,0,0,0,147.2955309,1,72,1.19047619,16
52,1,0,1,0,0,0,0,1,0,0,0,0,0,1,1,1,0,1,0,1,0,130.9466017,1,70,1,14
52,1,0,1,0,0,0,1,0,1,0,0,0,0,1,1,1,1,1,0,0,0,136.3097477,1,108,0.8,14
51,1,0,1,0,0,0,0,1,0,0,0,1,1,1,1,1,1,1,0,1,1,103.1423896,1,38,1,27
51,1,1,0,0,1,0,0,0,1,0,0,0,0,1,1,1,1,1,0,1,0,106.5541304,1,97,1,17
48,1,1,0,0,0,0,1,0,1,0,0,1,0,1,1,1,1,1,0,0,0,62.8811419,1,64,1,23
47,1,1,0,0,0,0,0,0,1,0,0,0,0,1,1,1,1,1,0,0,0,73.98030306,1,84,1,26
47,1,0,1,0,0,0,1,0,1,0,0,1,0,1,1,1,1,1,1,0,0,187.6043838,1,103,1.01010101,24
47,1,1,0,1,0,0,0,0,1,0,0,0,0,1,1,1,1,1,0,1,0,150.8085533,1,116,1,19
47,0,0,1,0,0,0,0,1,0,0,0,0,0,1,1,1,1,1,0,0,0,136.3346158,1,39,1.333333333,14
46,1,1,0,0,1,0,1,0,1,0,0,1,0,1,1,1,1,1,0,0,0,65.66428862,1,15,1,22
46,1,0,1,0,0,0,1,0,1,0,0,0,0,1,1,1,1,1,0,0,0,158.8612426,1,122,1,19
46,1,1,0,1,0,0,0,0,0,1,0,0,0,1,1,1,1,1,0,0,0,152.6580454,1,56,1,7
45,1,1,0,1,0,0,0,0,1,0,0,0,0,1,1,1,1,0,0,0,0,199.2909956,1,41,1,46
45,1,1,0,1,0,0,0,0,0,1,0,0,0,1,1,1,1,0,0,0,0,151.7986217,1,81,1,25
45,1,0,1,0,0,0,0,1,0,0,0,0,0,1,1,1,0,1,0,0,0,140.8698866,1,57,1,24
45,1,1,0,0,1,0,0,0,1,0,0,0,0,1,1,1,1,1,1,0,0,92.92417286,1,80,1,20
44,1,1,0,0,1,0,1,0,1,0,0,0,0,1,1,1,0,0,0,0,0,112.3574555,1,36,1,25
44,1,1,0,0,0,0,1,0,1,0,0,1,0,1,1,1,1,0,0,1,0,151.2551235,1,112,1,17
44,1,0,1,0,0,0,1,0,0,1,0,0,0,1,1,1,1,1,1,0,0,183.0843219,1,54,1,10
43,1,1,0,1,0,0,0,0,1,0,0,0,0,0,1,1,1,1,0,0,0,172.3745627,1,112,1,17
42,1,1,0,0,0,1,0,0,0,1,0,0,0,1,1,1,1,1,0,0,0,132.7848191,1,43,1,39
41,1,0,1,0,0,0,1,0,1,0,0,0,0,1,1,1,0,1,0,0,0,117.8531792,1,80,1,29
41,1,1,0,1,0,1,1,0,1,0,0,0,0,1,1,1,0,0,0,0,0,119.0850007,1,50,1,25
41,0,0,1,0,0,0,0,1,0,0,0,1,0,1,1,1,0,1,0,1,0,117.5512111,1,93,1,17
40,1,1,0,0,0,0,1,0,1,0,0,0,0,1,1,1,1,1,0,0,0,170.7925391,1,52,1,18
40,1,1,0,0,0,0,1,0,1,0,0,0,0,1,1,1,1,1,0,0,0,148.9589543,1,33,1,18
38,1,0,1,0,0,0,0,1,0,0,0,0,0,1,1,1,1,1,1,0,0,158.5875887,1,47,1,10
37,1,0,1,0,0,0,0,1,0,0,0,0,0,0,1,1,1,0,0,0,0,172.9800809,0.9,44,1,15
36,1,0,1,0,0,0,0,1,0,0,0,0,0,1,1,1,0,1,0,0,0,128.641004,1,49,1,34
36,1,0,1,0,0,0,1,0,1,0,0,1,0,1,1,1,1,1,0,0,0,126.2005894,1,183,1,25
36,0,0,1,0,0,0,0,1,0,0,0,1,0,1,1,1,1,1,0,1,0,111.6612683,1,49,1,18
36,0,1,0,0,0,1,0,0,0,1,0,0,0,1,1,1,1,1,0,0,0,134.1831708,1,102,0.8,10
36,1,1,0,0,1,0,1,0,1,0,0,0,0,1,1,1,1,0,0,0,0,204.3550839,1,76,1,9
35,1,0,1,0,0,0,0,1,0,0,0,0,0,0,1,1,1,1,0,0,0,154.4350801,1,67,1,29
35,1,0,1,0,0,0,0,1,0,0,0,0,1,1,1,1,0,0,0,0,0,182.4319338,1,26,1,7
34,1,0,1,0,0,0,0,1,0,0,0,1,1,1,1,1,1,1,0,0,0,115.3903785,1,43,1,28
33,1,0,1,0,0,0,1,0,0,1,0,0,0,0,1,1,1,0,0,0,0,168.8818487,0.9,6,1.315789474,16
32,1,0,1,0,0,0,1,0,1,0,0,0,0,1,1,1,1,1,0,0,0,127.1544808,1,58,1.388888889,25
32,1,0,1,0,0,0,1,0,0,0,1,0,0,1,1,1,1,1,0,0,0,142.8864708,1,84,0.8,15
32,0,0,1,0,0,0,0,1,0,0,0,0,1,1,1,1,1,1,0,1,0,137.0669825,1,108,0.8,11
30,1,0,1,0,0,0,0,1,0,0,0,0,1,1,1,1,1,1,0,1,0,98.62756142,1,125,0.99,28
29,1,1,0,0,1,0,1,0,1,0,0,0,0,1,1,1,1,1,0,0,0,143.5136249,1,78,1,36
29,1,1,0,1,1,0,1,0,1,0,0,0,0,1,1,1,1,1,0,1,0,114.5440042,1,95,0.8,24
29,1,1,0,0,1,0,0,0,1,0,0,1,0,1,1,1,1,0,0,0,0,122.8850368,1,273,1.785714286,9
29,1,0,1,0,0,0,1,0,1,0,0,1,0,1,1,1,1,1,0,0,0,175.2737915,1,54,1,8
27,1,0,1,0,0,0,0,1,0,0,0,0,0,1,1,1,1,1,0,0,0,125.4776192,1,41,1,31
27,1,0,1,0,0,0,0,1,0,0,0,1,0,1,1,1,1,1,0,0,0,118.6873605,1,70,1.515151515,19
26,0,0,1,0,0,0,0,1,0,0,0,0,0,1,1,1,1,1,0,0,0,147.7509943,1,55,1,50
26,1,1,0,1,0,0,0,0,1,0,0,0,0,1,1,1,1,1,0,0,0,130.0218875,1,47,1,10
25,1,0,1,0,0,0,0,1,0,0,0,1,0,1,1,1,1,1,0,1,0,203.2599255,1,44,1,9
25,1,1,0,1,0,0,0,0,1,0,0,0,0,1,1,1,1,0,0,0,0,182.2105015,1,38,1,8
24,1,1,0,0,1,0,0,0,1,0,0,0,0,1,1,1,1,1,1,0,0,136.9392535,1,136,1.333333333,22
24,1,0,1,0,0,0,0,1,0,0,0,1,0,1,1,1,0,1,0,1,0,77.19054229,1,82,1,21
24,1,0,1,0,0,0,1,0,1,0,0,0,0,1,1,1,1,0,0,0,0,91.36644924,1,72,1.333333333,11
23,1,0,1,0,0,0,0,1,0,0,0,1,0,1,1,1,1,1,0,0,0,136.445995,1,46,1,35
23,1,0,1,0,0,0,0,1,0,0,0,0,0,1,1,1,1,1,0,0,0,171.3623075,1,80,1,18
22,1,0,1,0,0,0,0,1,0,0,0,1,0,1,1,1,1,1,0,1,0,131.0462687,1,56,1.351351351,21
22,1,1,0,0,1,0,1,0,1,0,0,0,0,1,1,1,1,1,0,0,0,131.7785699,1,88,1,20
22,0,0,1,0,0,0,0,0,1,0,0,0,0,1,1,1,1,0,0,0,0,135.26557,1,35,1,19
21,1,1,0,0,1,0,1,0,1,0,0,0,0,1,1,1,1,1,1,0,0,139.5248944,1,58,1.351351351,38
21,1,1,0,0,1,0,1,0,1,0,0,1,0,1,1,1,1,1,0,0,0,144.552764,1,98,1.01010101,15
21,1,1,0,0,1,0,1,0,1,0,0,0,0,1,1,1,0,1,0,0,0,128.4020235,0.9,86,1,10
21,1,1,0,0,1,0,0,0,1,0,0,0,0,1,1,1,1,1,0,0,0,185.811326,1,28,1,0
19,1,0,1,0,0,0,1,0,1,0,0,0,0,1,1,1,1,1,0,1,0,113.6584038,1,117,1,42
19,1,1,0,0,1,0,1,0,1,0,0,1,0,1,1,1,1,1,0,0,0,128.8900835,1,75,1.351351351,11
19,1,0,1,0,0,0,0,1,0,0,0,1,0,1,1,1,0,1,0,0,0,193.2847696,1,40,1.204819277,11
19,1,0,1,0,0,0,1,0,0,1,0,0,0,1,1,1,1,1,0,0,0,110.5266174,0.9,29,1,8
18,1,0,1,0,0,0,0,1,0,0,0,0,0,1,1,1,0,1,0,0,0,149.4079304,0.9,57,0.8,21
18,1,1,0,1,0,0,0,0,0,1,0,0,0,1,1,1,1,1,0,0,0,131.7782869,1,69,1,13
17,0,0,1,0,0,0,0,1,0,0,0,0,0,1,1,1,1,1,1,0,0,129.2162318,1,94,0.8,15
17,1,1,0,0,0,0,1,0,1,0,0,0,0,1,1,1,0,1,0,0,0,112.6341603,1,37,1.01010101,5
16,1,0,1,0,0,0,1,0,0,1,0,0,0,1,1,1,1,1,1,0,0,142.8824573,1,46,1,43
15,1,1,0,0,0,0,1,0,1,0,0,0,0,1,1,1,1,1,0,0,0,136.728303,1,23,1,43
13,1,1,0,0,1,0,0,0,1,0,0,1,0,1,1,1,0,1,0,1,0,108.2274361,1,46,1,32
10,1,0,1,0,0,0,0,1,0,0,0,0,0,1,1,1,1,1,0,0,0,154.379387,1,70,0.8,19
9,1,1,0,0,1,0,1,0,1,0,0,0,0,1,1,1,1,1,0,0,0,100.3572697,1,41,1,23
9,1,0,1,0,0,0,0,1,0,0,0,0,0,1,1,1,1,1,0,0,0,140.3017381,1,93,1,19
9,1,0,1,0,0,0,0,1,0,0,0,0,0,1,1,1,0,1,0,0,0,146.8330056,1,27,1,6
8,1,1,0,1,0,0,1,0,1,0,0,0,0,1,1,1,0,1,0,0,0,153.4745662,1,59,1,21
7,1,1,0,0,0,0,1,0,1,0,0,0,0,1,1,1,1,1,0,0,0,110.9726301,1,152,1.923076923,15
7,1,1,0,0,1,0,1,0,1,0,0,0,0,1,1,1,1,1,0,0,0,133.0642306,1,78,1,9
6,1,0,1,0,0,0,0,1,0,0,0,1,0,1,1,1,1,1,0,1,0,94.86320008,1,90,1.785714286,9
4,0,0,1,0,0,0,0,1,0,0,0,0,0,1,1,1,1,0,0,0,0,172.7317026,1,28,1.01010101,13
3,1,0,1,0,0,0,0,1,0,0,0,1,0,1,1,1,0,1,0,0,0,163.1468289,1,53,0.87,7
3,0,0,1,0,0,0,0,1,0,0,0,0,0,1,1,1,0,0,0,0,0,144.1658092,1,74,1,6
3,1,1,0,1,0,0,0,0,1,0,0,0,0,1,1,1,1,1,1,0,0,118.8381139,1,68,1,4
1,1,0,1,0,0,0,1,0,0,0,1,0,0,1,1,1,1,1,0,0,0,168.6792443,1,222,1,9
0,1,1,0,0,0,0,0,0,1,0,0,0,0,1,1,1,1,1,0,0,0,160.9286637,1,40,1,14
0,1,0,1,0,0,0,0,1,0,0,0,0,0,1,1,1,0,1,0,0,0,142.4448386,1,50,0.98,3